case_count,job_title,EMPLOYER_STATE,EMPLOYER_COUNTRY,EMPLOYER_CITY,SOC_CODE
5225,"Software Engineer",WA,"UNITED STATES OF AMERICA",Redmond,15-1132.00
4145,"Manager JC50",TX,"UNITED STATES OF AMERICA","COLLEGE STATION",15-1121.00
3169,Architect,MD,"UNITED STATES OF AMERICA",Rockville,15-1199.02
2566,"Senior Systems Analyst JC60",TX,"UNITED STATES OF AMERICA","COLLEGE STATION",15-1121.00
2314,"Software Engineer",CA,"UNITED STATES OF AMERICA","Mountain View",15-1132.00
2030,"Software Development Engineer II",WA,"UNITED STATES OF AMERICA",Seattle,15-1132.00
2023,"Sr. SQL Database Administrator",IL,"UNITED STATES OF AMERICA",Schaumburg,15-1141.00
1911,"Software Development Engineer I",WA,"UNITED STATES OF AMERICA",Seattle,15-1132.00
1711,"Software Engineer",CA,"UNITED STATES OF AMERICA","MENLO PARK",15-1132.00
1364,"Manager JC50",TX,"UNITED STATES OF AMERICA","COLLEGE STATION",15-1211.00
1325,"Technology Lead - US ",TX,"UNITED STATES OF AMERICA",RICHARDSON,15-1199.00
1288,"SOFTWARE DEVELOPER",NJ,"UNITED STATES OF AMERICA",PLAINSBORO,15-1132.00
1230,"Software Engineer",CA,"UNITED STATES OF AMERICA","Mountain View",15-1132.00.00
1128,"Component Design Engineer",CA,"UNITED STATES OF AMERICA","Santa Clara",17-2072.00
1103,"Software Engineer",CA,"UNITED STATES OF AMERICA","Santa Clara",15-1133.00
1074,Developer,MD,"UNITED STATES OF AMERICA",Rockville,15-1131.00
1065,"Senior Associate JC60 - Computer Systems Engineers",TX,"UNITED STATES OF AMERICA","COLLEGE STATION",15-1199.02
1019,Analyst,MD,"UNITED STATES OF AMERICA",Rockville,15-1121.00
995,"Software Engineer",WA,"UNITED STATES OF AMERICA",Redmond,15-1252.00
950,"DEVELOPER USER INTERFACE",MD,"UNITED STATES OF AMERICA",ROCKVILLE,15-1134.00
916,"Software Engineer",CA,"UNITED STATES OF AMERICA","San Francisco",15-1132.00
904,"Applications Consultant 3",IL,"UNITED STATES OF AMERICA",CHICAGO,15-1132.00
817,"SOFTWARE DEVELOPER",TX,"UNITED STATES OF AMERICA",IRVING,15-1132.00
787,"Applications Consultant 2",IL,"UNITED STATES OF AMERICA",CHICAGO,15-1132.00
748,"Software Engineer III",AR,"UNITED STATES OF AMERICA",BENTONVILLE,15-1132.00
703,"Senior Manager JC45",TX,"UNITED STATES OF AMERICA","COLLEGE STATION",15-1121.00
692,"Software Development Engineer II",WA,"UNITED STATES OF AMERICA",Seattle,15-1252.00
685,"Manager JC50 - Computer Systems Engineers",TX,"UNITED STATES OF AMERICA","COLLEGE STATION",15-1199.02
663,"Programmer Analyst - II",CA,"UNITED STATES OF AMERICA",SUNNYVALE,15-1131.00
661,"Software Developer, Applications",MD,"UNITED STATES OF AMERICA",Rockville,15-1132.00
628,"Software Developer",TX,"UNITED STATES OF AMERICA",Houston,15-1132.00
613,"Software Engineer",NY,"UNITED STATES OF AMERICA","New York",15-1131.00
599,"Process Engineer",CA,"UNITED STATES OF AMERICA","Santa Clara",17-2131.00
595,"Senior Systems Analyst JC60",TX,"UNITED STATES OF AMERICA","COLLEGE STATION",15-1211.00
594,"Software Developer",TX,"UNITED STATES OF AMERICA",FRISCO,15-1132.00
593,"Software Engineer",CA,"UNITED STATES OF AMERICA","SAN FRANCISCO",15-1133.00
544,"Consultant - US ",TX,"UNITED STATES OF AMERICA",RICHARDSON,15-1199.00
537,Manager,PA,"UNITED STATES OF AMERICA",PHILADELPHIA,11-3021.00
524,"ASSOCIATE, SOFTWARE ENGINEER",IL,"UNITED STATES OF AMERICA",CHICAGO,15-1132.00
524,"Software Developer",PA,"UNITED STATES OF AMERICA","Moon Township",15-1132.00
519,Architect,MD,"UNITED STATES OF AMERICA",Rockville,15-1299.08
517,"SOFTWARE ENGINEER",NJ,"UNITED STATES OF AMERICA","NORTH BRUNSWICK",15-1132.00
516,"Senior Software Engineer",CA,"UNITED STATES OF AMERICA","SAN FRANCISCO",15-1132.00
510,"Project Manager - US ",TX,"UNITED STATES OF AMERICA",RICHARDSON,15-1121.00
504,"Senior Software Engineer",AR,"UNITED STATES OF AMERICA",BENTONVILLE,15-1132.00
499,"MANAGER III, SOFTWARE DEVELOPMENT",WA,"UNITED STATES OF AMERICA",SEATTLE,11-3021.00
497,"Software Developer",TX,"UNITED STATES OF AMERICA",Plano,15-1132.00
495,"Software Development Engineer III",WA,"UNITED STATES OF AMERICA",Seattle,15-1132.00
471,"Software Engineer ",CA,"UNITED STATES OF AMERICA","MOUNTAIN VIEW",15-1132.00
455,"SOFTWARE ENGINEER",TX,"UNITED STATES OF AMERICA",IRVING,15-1132.00
451,"Software Developer",GA,"UNITED STATES OF AMERICA",Alpharetta,15-1132.00
443,"Business Intelligence Engineer II",WA,"UNITED STATES OF AMERICA",Seattle,15-1199.08
442,"Software Engineer",CA,"UNITED STATES OF AMERICA","Mountain View",15-1252.00
439,"Software Developer",NJ,"UNITED STATES OF AMERICA",Piscataway,15-1132.00
435,"Software Developer",NJ,"UNITED STATES OF AMERICA",EDISON,15-1132.00
430,"Software Engineer",CA,"UNITED STATES OF AMERICA","Menlo Park ",15-1132.00
429,"Physical Therapist",NJ,"UNITED STATES OF AMERICA",Howell,29-1123.00
425,"Software Engineer",NY,"UNITED STATES OF AMERICA","New York",15-1132.00
412,"Lead Consultant - US ",TX,"UNITED STATES OF AMERICA",RICHARDSON,15-1121.00
412,"Software Developer",VA,"UNITED STATES OF AMERICA",Fairfax,15-1132.00
411,"Software Developer, Applications",NJ,"UNITED STATES OF AMERICA",Edison,15-1132.00
405,"Data Warehouse Specialist",MD,"UNITED STATES OF AMERICA",Rockville,15-1199.07
405,"Clinical Laboratory Scientist",FL,"UNITED STATES OF AMERICA",Sunrise,29-2011.00
399,"Senior Software Engineer/Developer",MA,"UNITED STATES OF AMERICA",Boston,15-1132.00
389,"Vice President, Software Engineer",IL,"UNITED STATES OF AMERICA",Chicago,15-1132.00
384,"Data and Applied Scientist",WA,"UNITED STATES OF AMERICA",Redmond,15-1111.00
376,"Technical Lead",MD,"UNITED STATES OF AMERICA",ROCKVILLE,15-1199.09
371,"Technical Test Lead - US ",TX,"UNITED STATES OF AMERICA",RICHARDSON,15-1199.00
366,"Software Development Engineer I",WA,"UNITED STATES OF AMERICA",Seattle,15-1252.00
365,"Professional Services II",WA,"UNITED STATES OF AMERICA",Seattle,15-1133.00
364,"Senior Project Manager - US ",TX,"UNITED STATES OF AMERICA",RICHARDSON,15-1199.00
360,"Analyst - Testing",MD,"UNITED STATES OF AMERICA",Rockville,15-1199.01
359,"Computer Systems Analyst 3",IL,"UNITED STATES OF AMERICA",Chicago,15-1121.00
349,"Senior Software Engineer",NY,"UNITED STATES OF AMERICA","New York",15-1132.00
348,"Technology Analyst - US ",TX,"UNITED STATES OF AMERICA",RICHARDSON,15-1199.00
347,"Software Development Engineer II",VA,"UNITED STATES OF AMERICA",Arlington,15-1132.00
344,"Software Developer",NJ,"UNITED STATES OF AMERICA",Princeton,15-1132.00
339,Analyst,NJ,"UNITED STATES OF AMERICA","JERSEY CITY",15-1132.00
339,"SOFTWARE ENGINEER",MN,"UNITED STATES OF AMERICA",MINNEAPOLIS,15-1132.00
337,Associate,NJ,"UNITED STATES OF AMERICA","JERSEY CITY",15-1132.00
337,"Software Developer",VA,"UNITED STATES OF AMERICA",HERNDON,15-1132.00
334,"Software Development Engineer - Applications",CA,"UNITED STATES OF AMERICA",Cupertino,15-1132.00
330,"Senior Consultant",PA,"UNITED STATES OF AMERICA",PHILADELPHIA,15-1132.00
325,"Senior Solution Specialist",PA,"UNITED STATES OF AMERICA",PHILADELPHIA,15-1132.00
324,ANALYST,NY,"UNITED STATES OF AMERICA","NEW YORK",13-2051.00
318,Associate,NY,"UNITED STATES OF AMERICA","New York",23-1011.00
317,Associate,NY,"UNITED STATES OF AMERICA","NEW YORK",13-2051.00
316,"SOFTWARE DEVELOPER",NJ,"UNITED STATES OF AMERICA",PLAINSBORO,15-1252.00
311,"Sr Software Engineer",CA,"UNITED STATES OF AMERICA",SUNNYVALE,15-1132.00
311,"System Architect - III",CA,"UNITED STATES OF AMERICA",SUNNYVALE,15-1199.02
309,"Technical Program Manager III",WA,"UNITED STATES OF AMERICA",SEATTLE,11-3021.00
306,"Senior Manager JC45",TX,"UNITED STATES OF AMERICA","COLLEGE STATION",15-1211.00
304,"Software Developer",NC,"UNITED STATES OF AMERICA",Charlotte,15-1132.00
303,"Principal Consultant - US ",TX,"UNITED STATES OF AMERICA",RICHARDSON,13-1111.00
302,"Applied Scientist II",WA,"UNITED STATES OF AMERICA",Seattle,15-1111.00
302,"ADVANCED SOFTWARE DEVELOPER",FL,"UNITED STATES OF AMERICA",TAMPA,15-1132.00
301,"Test Consultant 2",IL,"UNITED STATES OF AMERICA",CHICAGO,15-1199.01
294,"Technical Lead L1",NJ,"UNITED STATES OF AMERICA","EAST BRUNSWICK",15-1131.00
292,"Software Engineer",CA,"UNITED STATES OF AMERICA",SUNNYVALE,15-1132.00
290,"SOFTWARE PROGRAMMER II",NY,"UNITED STATES OF AMERICA","New York",15-1131.00
289,"Technology Architect - US ",TX,"UNITED STATES OF AMERICA",RICHARDSON,15-1199.00
287,"Senior Software Engineer",CA,"UNITED STATES OF AMERICA","SAN FRANCISCO",15-1133.00
287,"System Analyst JC65",TX,"UNITED STATES OF AMERICA","COLLEGE STATION",15-1121.00
287,"SOFTWARE ENGINEER",GA,"UNITED STATES OF AMERICA",ALPHARETTA,15-1132.00
286,"SOFTWARE DEVELOPER",MI,"UNITED STATES OF AMERICA","FARMINGTON HILLS",15-1132.00
285,"Software Development Engineer",CA,"UNITED STATES OF AMERICA",Cupertino,15-1132.00
283,"Principal Software Engineer/Developer",MA,"UNITED STATES OF AMERICA",Boston,15-1132.00
283,"Software Engineer",CA,"UNITED STATES OF AMERICA","San Jose",15-1133.00
282,"Senior Software Engineer",WA,"UNITED STATES OF AMERICA",Redmond,15-1132.00
275,"Technology Lead - US ",TX,"UNITED STATES OF AMERICA",RICHARDSON,15-1299.09
274,"MEMBER OF TECHNICAL STAFF",CA,"UNITED STATES OF AMERICA","Palo Alto",15-1132.00
274,"SOFTWARE ENGINEER",NJ,"UNITED STATES OF AMERICA",SOMERSET,15-1132.00
270,Consultant,MA,"UNITED STATES OF AMERICA",BOSTON,13-1111.00
269,"Quality Assurance Engineer II",WA,"UNITED STATES OF AMERICA",Seattle,15-1133.00
267,"Lead Engineer",NJ,"UNITED STATES OF AMERICA","EAST BRUNSWICK",15-1131.00
267,"Program Manager II",WA,"UNITED STATES OF AMERICA",Seattle,15-2031.00
266,"Software Engineer",TX,"UNITED STATES OF AMERICA",DALLAS,15-1132.00
266,"Audit & Assurance Assistant",PA,"UNITED STATES OF AMERICA",Philadelphia,13-2011.00
266,"Software Engineer",NY,"UNITED STATES OF AMERICA","New York",15-1251.00
262,"Software Developer",TX,"UNITED STATES OF AMERICA",Dallas,15-1132.00
262,"BUSINESS INTELLIGENCE ENGINEER I",WA,"UNITED STATES OF AMERICA",SEATTLE,15-1199.08
260,"Software Engineer",CA,"UNITED STATES OF AMERICA","San Francisco",15-1252.00
256,"Program Manager III",WA,"UNITED STATES OF AMERICA",Seattle,15-2031.00
255,"Computer Specialist/System Support And Development Admin 3",IL,"UNITED STATES OF AMERICA",Chicago,15-1199.02
253,"VICE PRESIDENT",NJ,"UNITED STATES OF AMERICA","JERSEY CITY",15-1132.00
251,"IT Project Managers - IV",CA,"UNITED STATES OF AMERICA",SUNNYVALE,15-1199.09
248,"Application Developer",NC,"UNITED STATES OF AMERICA",DURHAM,15-1121.00
246,"Software Developer",TX,"UNITED STATES OF AMERICA",Austin,15-1133.00
246,"Specialist Master",PA,"UNITED STATES OF AMERICA",PHILADELPHIA,11-3021.00
241,"Senior Software Developer",PA,"UNITED STATES OF AMERICA","Moon Township",15-1132.00
239,"Systems Analyst - III",CA,"UNITED STATES OF AMERICA",SUNNYVALE,15-1121.00
235,"Solution Specialist",PA,"UNITED STATES OF AMERICA",PHILADELPHIA,15-1132.00
233,"IT Project Managers - III",CA,"UNITED STATES OF AMERICA",SUNNYVALE,15-1199.09
233,"Software Development Engineer",WA,"UNITED STATES OF AMERICA",Seattle,15-1132.00
232,"Software Engineer",IL,"UNITED STATES OF AMERICA",Chicago,15-1132.00
230,"Senior Software Engineer",CA,"UNITED STATES OF AMERICA","San Jose",15-1132.00
229,"Business Analyst II",WA,"UNITED STATES OF AMERICA",Seattle,15-1199.08
229,"SOFTWARE DEVELOPER",TX,"UNITED STATES OF AMERICA",RICHARDSON,15-1132.00
229,"Computer Systems Analyst 2",IL,"UNITED STATES OF AMERICA",Chicago,15-1121.00
229,"Software Engineer",TX,"UNITED STATES OF AMERICA",Plano,15-1132.00
228,"Tax Consultant",PA,"UNITED STATES OF AMERICA",Philadelphia,13-2011.00
227,"Tax Senior",PA,"UNITED STATES OF AMERICA",Philadelphia,13-2011.00
223,Manager,FL,"UNITED STATES OF AMERICA",TAMPA,11-3021.00
221,"Test Consultant 3",IL,"UNITED STATES OF AMERICA",CHICAGO,15-1199.01
220,"Senior Software Developer ",MA,"UNITED STATES OF AMERICA",WOBURN,15-1132.00
218,"Technical Program Manager II",WA,"UNITED STATES OF AMERICA",Seattle,15-1132.00
218,"Software Developer",VA,"UNITED STATES OF AMERICA",Sterling,15-1132.00
217,"Software Developer",TX,"UNITED STATES OF AMERICA","Farmers Branch",15-1132.00
216,"Software Engineer 3",CA,"UNITED STATES OF AMERICA","San Jose",15-1132.00
214,"Data Scientist II",WA,"UNITED STATES OF AMERICA",Seattle,15-2041.00
213,"Software Engineer",CA,"UNITED STATES OF AMERICA","San Francisco ",15-1132.00
210,"SYSTEMS ANALYST",NJ,"UNITED STATES OF AMERICA",PLAINSBORO,15-1121.00
207,"System Administrator",MD,"UNITED STATES OF AMERICA",ROCKVILLE,15-1142.00
204,"Software Developer",NJ,"UNITED STATES OF AMERICA",Iselin,15-1132.00
204,DEVELOPER,MD,"UNITED STATES OF AMERICA",ROCKVILLE,15-1251.00
203,"Software Engineer",CA,"UNITED STATES OF AMERICA","Santa Clara",15-1132.00
203,"Software Developer",IL,"UNITED STATES OF AMERICA",Schaumburg,15-1132.00
202,"Software Developer",VA,"UNITED STATES OF AMERICA",Ashburn,15-1132.00
202,"Software Engineer",TX,"UNITED STATES OF AMERICA",Frisco,15-1132.00
200,"Advisory Senior Consultant",PA,"UNITED STATES OF AMERICA",Philadelphia,15-1122.00
200,"Product Engineer",CA,"UNITED STATES OF AMERICA","Santa Clara",17-2072.00
200,"Sr. SQL Database Administrator",IL,"UNITED STATES OF AMERICA",Lombard,15-1141.00
199,"Software Engineer",CA,"UNITED STATES OF AMERICA","MENLO PARK",15-1252.00
198,"Software Engineer",CA,"UNITED STATES OF AMERICA","Mountain View",15-1133.00
198,"Software Development Engineer - Systems",CA,"UNITED STATES OF AMERICA",Cupertino,15-1133.00
196,"Silicon Engineer",WA,"UNITED STATES OF AMERICA",Redmond,17-2071.00
193,"Senior Consultant",PA,"UNITED STATES OF AMERICA",Philadelphia,15-1121.00
193,Analyst,NJ,"UNITED STATES OF AMERICA","JERSEY CITY",13-2051.00
192,"Manager JC50 - Computer Systems Engineers/Architects",TX,"UNITED STATES OF AMERICA","COLLEGE STATION",15-1299.08
188,"Research Scientist",CA,"UNITED STATES OF AMERICA","MENLO PARK",15-1111.00
187,"Process Engineer ",CA,"UNITED STATES OF AMERICA","Santa Clara",17-2131.00
184,"Software Engineer",CA,"UNITED STATES OF AMERICA",Sunnyvale,15-1133.00
183,"Software Engineer",NJ,"UNITED STATES OF AMERICA",EDISON,15-1132.00
183,"Elementary Bilingual Teacher",TX,"UNITED STATES OF AMERICA",Dallas,25-2021.00
180,"Technical Support Engineer",WA,"UNITED STATES OF AMERICA",Redmond,15-1199.02
179,"SENIOR SOFTWARE DEVELOPER",FL,"UNITED STATES OF AMERICA",TAMPA,15-1132.00
179,"SOFTWARE ENGINEER",CA,"UNITED STATES OF AMERICA","SAN JOSE",15-1132.00
179,"Software Development Engineer III",WA,"UNITED STATES OF AMERICA",Seattle,15-1252.00
179,"Software Engineer",CA,"UNITED STATES OF AMERICA","Santa Clara",15-1252.00
178,"Technology Lead - US",TX,"UNITED STATES OF AMERICA",RICHARDSON,15-1199.00
176,"Software Engineer",MI,"UNITED STATES OF AMERICA","FARMINGTON HILLS",15-1132.00
176,"SOFTWARE DEVELOPER",NJ,"UNITED STATES OF AMERICA","South Plainfield",15-1132.00
176,"Program Manager",WA,"UNITED STATES OF AMERICA",Redmond,15-1199.09
174,"Software Developer",AR,"UNITED STATES OF AMERICA",Bentonville,15-1132.00
173,"Software Engineering SMTS",CA,"UNITED STATES OF AMERICA","San Francisco",15-1132.00
172,"Software Engineer",TX,"UNITED STATES OF AMERICA",Austin,15-1132.00
172,"Product Manager III - Technical",WA,"UNITED STATES OF AMERICA",Seattle,11-3021.00
172,"Software Developer",NY,"UNITED STATES OF AMERICA","New York",15-1132.00
172,Analyst,NJ,"UNITED STATES OF AMERICA","JERSEY CITY",13-2099.02
170,"Machine Learning Engineer",CA,"UNITED STATES OF AMERICA",Cupertino,15-1133.00
169,"SOFTWARE DEVELOPER",GA,"UNITED STATES OF AMERICA",Cumming,15-1132.00
168,"Vice President",NY,"UNITED STATES OF AMERICA","New York",15-1132.00
168,Associate,NJ,"UNITED STATES OF AMERICA","JERSEY CITY",13-2051.00
168,"COMPUTER SYSTEMS ANALYST",NJ,"UNITED STATES OF AMERICA",EDISON,15-1121.00
168,"Associate, Software Engineer",IL,"UNITED STATES OF AMERICA",Chicago,15-1252.00
167,"Software Developer",TX,"UNITED STATES OF AMERICA",McKinney,15-1132.00
166,"Staff Software Engineer",AR,"UNITED STATES OF AMERICA",BENTONVILLE,15-1132.00
166,"Applications Consultant 3",IL,"UNITED STATES OF AMERICA",CHICAGO,15-1252.00
165,"Functional Consultant",MD,"UNITED STATES OF AMERICA",ROCKVILLE,15-1121.00
164,"Technical Lead",NJ,"UNITED STATES OF AMERICA",WARREN,15-1199.02
164,"Vice President",NY,"UNITED STATES OF AMERICA","New York",13-2051.00
163,"Manager JC50 - Management Analysts",TX,"UNITED STATES OF AMERICA","COLLEGE STATION",13-1111.00
162,"Engineering Manager",CA,"UNITED STATES OF AMERICA","San Francisco",11-3021.00
160,"Senior Associate",FL,"UNITED STATES OF AMERICA",TAMPA,13-2011.00
160,"SOFTWARE DEVELOPER",TX,"UNITED STATES OF AMERICA",ALLEN,15-1132.00
158,"Test Analyst - II",CA,"UNITED STATES OF AMERICA",SUNNYVALE,15-1199.01
158,"Software Developer",IL,"UNITED STATES OF AMERICA",Itasca,15-1132.00
158,"Systems Analyst - II",CA,"UNITED STATES OF AMERICA",SUNNYVALE,15-1121.00
158,"Audit & Assurance Senior",PA,"UNITED STATES OF AMERICA",Philadelphia,13-2011.00
157,"Senior Manager",FL,"UNITED STATES OF AMERICA",TAMPA,11-3021.00
156,"SOFTWARE ENGINEER",MI,"UNITED STATES OF AMERICA",NOVI,15-1132.00
155,"Mechanical Engineers - II",CA,"UNITED STATES OF AMERICA",Sunnyvale,17-2141.00
154,"VICE PRESIDENT, SOFTWARE ENGINEERING",IL,"UNITED STATES OF AMERICA",CHICAGO,15-1132.00
153,"Direct Care Professional",NY,"UNITED STATES OF AMERICA","Red Hook",21-1015.00
153,"Data Scientist",CA,"UNITED STATES OF AMERICA","San Francisco",15-2041.00
153,"Senior Manager JC45 - Computer Systems Engineers",TX,"UNITED STATES OF AMERICA","COLLEGE STATION",15-1199.02
152,Associate,NY,"UNITED STATES OF AMERICA","NEW YORK",15-1132.00
151,"Software Engineer",NJ,"UNITED STATES OF AMERICA",Piscataway,15-1132.00
151,ANALYST,NJ,"UNITED STATES OF AMERICA","JERSEY CITY",13-2099.01
151,"Applied Scientist I",WA,"UNITED STATES OF AMERICA",Seattle,15-1111.00
150,"Senior Program Manager",WA,"UNITED STATES OF AMERICA",Redmond,15-1199.09
149,"Data Engineer",CA,"UNITED STATES OF AMERICA","MENLO PARK",15-1199.07
148,"Software Engineer",NJ,"UNITED STATES OF AMERICA",Princeton,15-1132.00
148,"Computer Programmer",NJ,"UNITED STATES OF AMERICA",BEDMINSTER,15-1131.00
148,"SOFTWARE ENGINEER",MO,"UNITED STATES OF AMERICA","North Kansas City",15-1132.00
148,"Software Developer",NJ,"UNITED STATES OF AMERICA",Edison,15-1252.00
147,"Senior Software Engineer",AR,"UNITED STATES OF AMERICA",BENTONVILLE,15-1252.00
147,"Senior Software Engineer",CA,"UNITED STATES OF AMERICA","Mountain View",15-1132.00
147,"Software Engineer",VA,"UNITED STATES OF AMERICA",Herndon,15-1132.00
147,"Senior Software Engineer",PA,"UNITED STATES OF AMERICA",Newtown,15-1132.00
147,"PRODUCT MANAGER III",WA,"UNITED STATES OF AMERICA",SEATTLE,15-2031.00
147,"Computer Systems Analyst",WA,"UNITED STATES OF AMERICA",Redmond,15-1121.00
146,"Senior Technology Architect - US ",TX,"UNITED STATES OF AMERICA",RICHARDSON,15-1199.00
146,"Associate Consultant - US ",TX,"UNITED STATES OF AMERICA",RICHARDSON,15-1199.00
146,"VICE PRESIDENT, SOFTWARE ENGINEER",IL,"UNITED STATES OF AMERICA",CHICAGO,15-1252.00
145,"System Architect - IV",CA,"UNITED STATES OF AMERICA",SUNNYVALE,15-1199.02
144,"SOFTWARE DEVELOPER",CA,"UNITED STATES OF AMERICA","SAN JOSE",15-1132.00
144,"SOFTWARE ENGINEER",TX,"UNITED STATES OF AMERICA",HOUSTON,15-1132.00
144,"Software Engineer",CA,"UNITED STATES OF AMERICA",Fremont,15-1132.00
143,"SOFTWARE ENGINEER III",AR,"UNITED STATES OF AMERICA",BENTONVILLE,15-1252.00
142,"Computer Specialist/System Support And Development Admin 2",IL,"UNITED STATES OF AMERICA",Chicago,15-1199.02
140,Designer,MD,"UNITED STATES OF AMERICA",ROCKVILLE,15-1121.00
139,"Software Engineering Manager",CA,"UNITED STATES OF AMERICA","MENLO PARK",11-3021.00
139,"Packaging Engineer",CA,"UNITED STATES OF AMERICA","Santa Clara",17-2072.00
139,"SOFTWARE DEVELOPMENT ENGINEER I",VA,"UNITED STATES OF AMERICA",ARLINGTON,15-1132.00
137,"Manager II, Software Development",WA,"UNITED STATES OF AMERICA",Seattle,11-3021.00
136,"Software Developers, Applications",NJ,"UNITED STATES OF AMERICA",Edison,15-1132.00
135,"SOFTWARE ENGINEER",VA,"UNITED STATES OF AMERICA",CHANTILLY,15-1132.00
135,"SOFTWARE DEVELOPMENT ENGINEER",CA,"UNITED STATES OF AMERICA","SAN JOSE",15-1132.00
134,"Software Developer",IL,"UNITED STATES OF AMERICA",NAPERVILLE,15-1132.00
134,"Software Development Engineer - Applications",CA,"UNITED STATES OF AMERICA",Cupertino,15-1252.00
133,"Software Engineer 2",CA,"UNITED STATES OF AMERICA","San Jose",15-1132.00
133,ASSOCIATE,NJ,"UNITED STATES OF AMERICA","JERSEY CITY",13-2099.01
133,"Software Developer",TX,"UNITED STATES OF AMERICA",Katy,15-1132.00
132,"System Development Engineer II",WA,"UNITED STATES OF AMERICA",Seattle,15-1133.00
131,"Computer Software Engineer, Applications",TX,"UNITED STATES OF AMERICA",Richardson,15-1132.00
131,"Data Engineer II",WA,"UNITED STATES OF AMERICA",Seattle,15-2041.00
131,"Consultant - US",TX,"UNITED STATES OF AMERICA",RICHARDSON,15-1199.00
130,"Software Developer",FL,"UNITED STATES OF AMERICA","FORT MYERS",15-1132.00
130,"Specialist Senior",PA,"UNITED STATES OF AMERICA",PHILADELPHIA,15-1132.00
130,"Project Manager - US ",TX,"UNITED STATES OF AMERICA",RICHARDSON,15-1211.00
129,"Senior Software Engineer",IL,"UNITED STATES OF AMERICA",Chicago,15-1132.00
129,"Professional Services III",WA,"UNITED STATES OF AMERICA",Seattle,15-1133.00
128,"Software Development Engineer",CA,"UNITED STATES OF AMERICA",Cupertino,15-1133.00
128,"Senior Functional Consultant",IL,"UNITED STATES OF AMERICA",Chicago,15-1121.00
127,"Senior Software Engineer",GA,"UNITED STATES OF AMERICA",Alpharetta,15-1132.00
127,Consultant,PA,"UNITED STATES OF AMERICA",PHILADELPHIA,15-1132.00
127,"Senior Associate",FL,"UNITED STATES OF AMERICA",TAMPA,15-1132.00
127,"Senior Software Engineer",NY,"UNITED STATES OF AMERICA","NEW YORK",15-1252.00
126,"First Officer",OH,"UNITED STATES OF AMERICA",Dayton,53-2011.00
125,"Senior Associate JC60 - SQA Engineers and Testers",TX,"UNITED STATES OF AMERICA","COLLEGE STATION",15-1199.01
125,"Data Scientist",CA,"UNITED STATES OF AMERICA","MENLO PARK",15-1199.08
125,"Sr. SW Engineer",CA,"UNITED STATES OF AMERICA","Foster City",15-1132.00
125,"Software Engineer",CA,"UNITED STATES OF AMERICA","San Diego",15-1133.00
125,"Senior Software Engineer",CA,"UNITED STATES OF AMERICA","San Francisco",15-1252.00
125,"SOFTWARE DEVELOPMENT ENGINEER II",VA,"UNITED STATES OF AMERICA",ARLINGTON,15-1252.00
124,"MTS Silicon Design Engineer",CA,"UNITED STATES OF AMERICA","Santa Clara",17-2072.00
124,"Senior Consultant",PA,"UNITED STATES OF AMERICA",PHILADELPHIA,15-2031.00
123,"software developer",IL,"UNITED STATES OF AMERICA","Arlington heights",15-1132.00
123,"FINANCIAL ANALYST III",WA,"UNITED STATES OF AMERICA",SEATTLE,13-2011.00
123,"Programmer/ Developer 2",IL,"UNITED STATES OF AMERICA",CHICAGO,15-1131.00
123,"Software Developer",FL,"UNITED STATES OF AMERICA",JACKSONVILLE,15-1132.00
122,"System Validation Engineer",CA,"UNITED STATES OF AMERICA","Santa Clara",17-2072.00
122,"Software Engineering Manager",WA,"UNITED STATES OF AMERICA",Redmond,15-1132.00
122,"Business Systems Analyst 3",IL,"UNITED STATES OF AMERICA",CHICAGO,15-1121.00
122,"Technology Lead - US - Practitioner ",TX,"UNITED STATES OF AMERICA",RICHARDSON,15-1199.00
122,"Systems Analyst",NJ,"UNITED STATES OF AMERICA",Princeton,15-1121.00
122,"MTS 1, Software Engineer",CA,"UNITED STATES OF AMERICA","San Jose",15-1132.00
122,"Senior Engineer",NY,"UNITED STATES OF AMERICA","New York",15-1132.00
122,"Application Developer",NC,"UNITED STATES OF AMERICA",Durham,15-1131.00
122,"Java Developer",TX,"UNITED STATES OF AMERICA",Irving,15-1132.00
122,"Technology Analyst - US",TX,"UNITED STATES OF AMERICA",RICHARDSON,15-1199.00
121,"ASSOCIATE, SOFTWARE ENGINEERING",IL,"UNITED STATES OF AMERICA",CHICAGO,15-1132.00
121,"Product Manager",WA,"UNITED STATES OF AMERICA",Redmond,15-1199.09
121,"Business Intelligence Engineer II",WA,"UNITED STATES OF AMERICA",Seattle,15-2051.01
118,"Programmer Analyst - II",CA,"UNITED STATES OF AMERICA",SUNNYVALE,15-1251.00
118,"Civil Engineer",GU,"UNITED STATES OF AMERICA",TAMUNING,17-2051.00
118,"Senior Member Of Technical Staff",CA,"UNITED STATES OF AMERICA","Palo Alto",15-1132.00
118,"Software Engineer",CA,"UNITED STATES OF AMERICA","San Mateo",15-1132.00
117,"DESIGN ENGINEER",NJ,"UNITED STATES OF AMERICA",EDISON,27-1021.00
117,Analyst,DE,"UNITED STATES OF AMERICA",Wilmington,13-2099.01
117,"Hardware Development Engineer",CA,"UNITED STATES OF AMERICA",Cupertino,17-2072.00
117,"Senior Consultant",PA,"UNITED STATES OF AMERICA",PHILADELPHIA,15-1133.00
116,"Senior Software Engineer",MA,"UNITED STATES OF AMERICA",Boston,15-1132.00
116,"Engineering Manager",CA,"UNITED STATES OF AMERICA","Santa Clara",11-9041.00
116,"Senior ASICS Engineer",CA,"UNITED STATES OF AMERICA","San Diego",17-2072.00
116,"SOFTWARE ENGINEER",NJ,"UNITED STATES OF AMERICA","SOUTH PLAINFIELD",15-1132.00
116,"Senior Associate JC60 - Computer Programmers",TX,"UNITED STATES OF AMERICA","COLLEGE STATION",15-1131.00
115,"Test Specialist",NC,"UNITED STATES OF AMERICA",DURHAM,15-1199.01
115,"SOFTWARE DEVELOPER",CA,"UNITED STATES OF AMERICA",FREMONT,15-1132.00
115,"Software Engineer (4)",CA,"UNITED STATES OF AMERICA","Santa Monica",15-1132.00
115,"Senior Manager",PA,"UNITED STATES OF AMERICA",Philadelphia,11-3021.00
114,"UX Designer II",WA,"UNITED STATES OF AMERICA",Seattle,27-1024.00
114,"SOFTWARE (DEVOPS) ENGINEER",GA,"UNITED STATES OF AMERICA",SUWANEE,15-1132.00
114,"Software Developer",OH,"UNITED STATES OF AMERICA",Dublin,15-1132.00
114,Analyst,MD,"UNITED STATES OF AMERICA",Rockville,15-1211.00
113,Manager,FL,"UNITED STATES OF AMERICA",TAMPA,13-2011.00
113,"Software Developer",MI,"UNITED STATES OF AMERICA",Wixom,15-1132.00
113,"Software Engineer III",AR,"UNITED STATES OF AMERICA",Lowell,15-1132.00
113,"Project Manager",NC,"UNITED STATES OF AMERICA",DURHAM,15-1199.09
112,"Hospitalist Physician",WA,"UNITED STATES OF AMERICA",Tacoma,29-1069.03
112,"Software Engineer",IL,"UNITED STATES OF AMERICA",Naperville,15-1132.00
111,"Software Developer",MD,"UNITED STATES OF AMERICA",Columbia,15-1132.00
111,"Business Systems Analyst 2",IL,"UNITED STATES OF AMERICA",CHICAGO,15-1121.00
111,"Software Developer",TX,"UNITED STATES OF AMERICA",Austin,15-1132.00
111,"Assistant Vice President",NY,"UNITED STATES OF AMERICA","NEW YORK",15-1132.00
111,"Analog Engineer",CA,"UNITED STATES OF AMERICA","Santa Clara",17-2072.00
111,"Financial Analyst II",WA,"UNITED STATES OF AMERICA",SEATTLE,13-2011.00
111,"Application Architect",NC,"UNITED STATES OF AMERICA",DURHAM,15-1199.02
111,"Data Engineer II",WA,"UNITED STATES OF AMERICA",Seattle,15-1199.06
111,"SOFTWARE DEVELOPER",TX,"UNITED STATES OF AMERICA",IRVING,15-1252.00
110,"Software Engineer ",CA,"UNITED STATES OF AMERICA","San Jose",15-1133.00
110,"Associate Attorney",NY,"UNITED STATES OF AMERICA","New York",23-1011.00
109,"Direct Care Professional",MA,"UNITED STATES OF AMERICA",Rutland,21-1015.00
109,"Front-End Engineer II",WA,"UNITED STATES OF AMERICA",Seattle,15-1132.00
109,"Software Developer",PA,"UNITED STATES OF AMERICA","Moon Township",15-1252.00
108,Consultant,PA,"UNITED STATES OF AMERICA",Philadelphia,15-2031.00
108,"SOLUTION ARCHITECT II",CA,"UNITED STATES OF AMERICA","SANTA CLARA",15-1199.02
108,"Solution Architect 3",IL,"UNITED STATES OF AMERICA",CHICAGO,15-1133.00
108,"SOFTWARE DEVELOPER",GA,"UNITED STATES OF AMERICA",SUWANEE,15-1132.00
108,"Computer Systems Analyst 4",IL,"UNITED STATES OF AMERICA",Chicago,15-1121.00
107,"Senior Software Engineer ",CA,"UNITED STATES OF AMERICA","MOUNTAIN VIEW",15-1132.00
107,"Postdoctoral Scholar",CA,"UNITED STATES OF AMERICA","San Francisco",19-1021.00
107,"Applications Consultant 2",IL,"UNITED STATES OF AMERICA",CHICAGO,15-1252.00
106,"Software Developer, Applications",MD,"UNITED STATES OF AMERICA",Rockville,15-1252.00
106,"Business Analyst I",WA,"UNITED STATES OF AMERICA",Seattle,15-1199.08
106,"Senior Software Engineer",TX,"UNITED STATES OF AMERICA",Austin,15-1132.00
105,"Software Engineer II",AR,"UNITED STATES OF AMERICA",BENTONVILLE,15-1132.00
105,"Assistant Professor",AL,"UNITED STATES OF AMERICA",Birmingham,25-1071.00
104,"Software Engineering SMTS",CA,"UNITED STATES OF AMERICA","San Francisco",15-1133.00
104,"Senior Associate",FL,"UNITED STATES OF AMERICA",TAMPA,15-2031.00
104,"Project Manager 3",IL,"UNITED STATES OF AMERICA",CHICAGO,15-1199.09
104,"Lead Consultant - US ",TX,"UNITED STATES OF AMERICA",RICHARDSON,15-1211.00
103,"Package Consultant",NC,"UNITED STATES OF AMERICA",DURHAM,15-1121.00
103,"Staff SW Engineer",CA,"UNITED STATES OF AMERICA","Foster City",15-1132.00
103,"Computer Systems Analyst",NJ,"UNITED STATES OF AMERICA",BEDMINSTER,15-1121.00
103,"QUALITY CONTROL SUPERVISOR",NJ,"UNITED STATES OF AMERICA","GLOUCESTER CITY",45-2011.00
102,"SOFTWARE DEVELOPER",NE,"UNITED STATES OF AMERICA",MCCOOK,15-1132.00
102,"Computer Programmer / Configurer 3",IL,"UNITED STATES OF AMERICA",Chicago,15-1131.00
102,Consultant,NJ,"UNITED STATES OF AMERICA","EAST BRUNSWICK",15-1121.00
101,"Computer Programmer / Configurer 2",IL,"UNITED STATES OF AMERICA",Chicago,15-1131.00
101,"Software Engineer",GA,"UNITED STATES OF AMERICA",Cumming,15-1132.00
101,"Software Engineer",NY,"UNITED STATES OF AMERICA","New York",15-1133.00
101,"STAFF SOFTWARE ENGINEER",CA,"UNITED STATES OF AMERICA","San Francisco",15-1132.00
101,"Software Developer",MI,"UNITED STATES OF AMERICA",troy,15-1132.00
101,"Software Developer, Applications",MI,"UNITED STATES OF AMERICA",Troy,15-1132.00
101,"Software Engineer",IL,"UNITED STATES OF AMERICA","Arlington Heights",15-1132.00
100,"Advisory Senior Consultant",PA,"UNITED STATES OF AMERICA",Philadelphia,13-1111.00
100,"Graphics Hardware Engineer",CA,"UNITED STATES OF AMERICA","Santa Clara",17-2061.00
100,"Software Engineer",CA,"UNITED STATES OF AMERICA","San Francisco ",15-1252.00
99,"Senior Software Engineer",CA,"UNITED STATES OF AMERICA","San Mateo",15-1132.00
99,"Database Administrator",MD,"UNITED STATES OF AMERICA",ROCKVILLE,15-1141.00
99,"ENTERPRISE ACT ENGINEER III",WA,"UNITED STATES OF AMERICA",SEATTLE,15-1132.00
98,"Software Application Developer",NJ,"UNITED STATES OF AMERICA",PISCATAWAY,15-1132.00
98,"Project Delivery Specialist",PA,"UNITED STATES OF AMERICA",PHILADELPHIA,15-1132.00
98,"Hardware Development Engineer II",WA,"UNITED STATES OF AMERICA",Seattle,17-2061.00
98,"Software Engineer",TX,"UNITED STATES OF AMERICA",McKinney,15-1132.00
98,"Senior Software Engineer",NC,"UNITED STATES OF AMERICA",MOORESVILLE,15-1132.00
98,"Software Engineer",TX,"UNITED STATES OF AMERICA",Irving,15-1133.00
98,"Software Developer",CA,"UNITED STATES OF AMERICA",FOLSOM,15-1132.00
98,"Tax Manager",PA,"UNITED STATES OF AMERICA",Philadelphia,13-2011.00
98,"Software Developer",TX,"UNITED STATES OF AMERICA",Austin,15-1252.00
97,"Pathways Operations Manager - MBA",WA,"UNITED STATES OF AMERICA",Seattle,11-3071.00
97,"Software Developer",CA,"UNITED STATES OF AMERICA","SAN RAMON",15-1132.00
97,"Vice President",NJ,"UNITED STATES OF AMERICA","JERSEY CITY",13-2051.00
97,"Software Engineer",VA,"UNITED STATES OF AMERICA",Fairfax,15-1133.00
97,"SOFTWARE DEVELOPER",NJ,"UNITED STATES OF AMERICA",PARSIPPANY,15-1132.00
97,"Technical Manager",NJ,"UNITED STATES OF AMERICA",WARREN,15-1199.02
97,"SOLUTIONS ARCHITECT III",WA,"UNITED STATES OF AMERICA",SEATTLE,15-1133.00
97,"Software Engineer 2",IL,"UNITED STATES OF AMERICA",CHICAGO,15-1132.00
97,"Applications Consultant 4",IL,"UNITED STATES OF AMERICA",Chicago,15-1132.00
97,"Support Engineer I-External",WA,"UNITED STATES OF AMERICA",Seattle,15-1121.00
96,"SOFTWARE DEVELOPER",NE,"UNITED STATES OF AMERICA","GRAND ISLAND",15-1132.00
96,"Staff ASICS Engineer",CA,"UNITED STATES OF AMERICA","San Diego",17-2072.00
96,"ENTERPRISE ACT ENGINEER II",WA,"UNITED STATES OF AMERICA",SEATTLE,15-1132.00
96,"Software Engineer",TX,"UNITED STATES OF AMERICA","Farmers Branch",15-1132.00
96,"SOFTWARE ENGINEER",CA,"UNITED STATES OF AMERICA",PLEASANTON,15-1132.00
96,"Data Engineer I",WA,"UNITED STATES OF AMERICA",Seattle,15-2041.00
96,"SOFTWARE DEVELOPER",VA,"UNITED STATES OF AMERICA",CHANTILLY,15-1132.00
95,"Sr. Software Engineer, Systems Infrastructure",CA,"UNITED STATES OF AMERICA",SUNNYVALE,15-1133.00
95,"ADVANCED SOFTWARE DEVELOPER",FL,"UNITED STATES OF AMERICA",TAMPA,15-1252.00
94,"Software Developer",GA,"UNITED STATES OF AMERICA",Atlanta,15-1132.00
94,Associate,DE,"UNITED STATES OF AMERICA",Wilmington,13-2099.01
94,"Project Manager",NJ,"UNITED STATES OF AMERICA","EAST BRUNSWICK",15-1199.09
94,"ASICS Engineer",CA,"UNITED STATES OF AMERICA","San Diego",17-2072.00
94,"Mechanical Engineer",MI,"UNITED STATES OF AMERICA",Troy,17-2141.00
93,"System Architect - II",CA,"UNITED STATES OF AMERICA",SUNNYVALE,15-1199.02
92,"Software Developer ",TX,"UNITED STATES OF AMERICA",Irving,15-1132.00
92,"Research Fellow",MN,"UNITED STATES OF AMERICA",ROCHESTER,19-1042.00
92,Associate,DE,"UNITED STATES OF AMERICA",Wilmington,15-1132.00
92,"Software Engineer",NM,"UNITED STATES OF AMERICA",Albuquerque,15-1132.00
91,"Technical Program Manager",CA,"UNITED STATES OF AMERICA","MENLO PARK",15-1199.09
91,Developer,PA,"UNITED STATES OF AMERICA","NEWTOWN SQUARE",15-1132.00
91,"Design Verification Engineer",CA,"UNITED STATES OF AMERICA",Cupertino,17-2072.00
91,"Senior Software Engineer",CA,"UNITED STATES OF AMERICA","Santa Clara",15-1132.00
91,"SOFTWARE ENGINEER",NJ,"UNITED STATES OF AMERICA","NORTH BRUNSWICK",15-1252.00
90,"Consultant - US ",TX,"UNITED STATES OF AMERICA",RICHARDSON,15-1299.09
90,"Software Engineer",IL,"UNITED STATES OF AMERICA",Schaumburg,15-1132.00
90,"Project Manager - III",CA,"UNITED STATES OF AMERICA",SUNNYVALE,15-1131.00
90,"SMTS Silicon Design Engineer",CA,"UNITED STATES OF AMERICA","Santa Clara",17-2072.00
90,"Audit & Assurance Senior Assistant",PA,"UNITED STATES OF AMERICA",Philadelphia,13-2011.00
90,ANALYST-TESTING,MD,"UNITED STATES OF AMERICA",ROCKVILLE,15-1199.01
89,"Product Manager III - Technical",WA,"UNITED STATES OF AMERICA",Seattle,15-1199.09
89,"ASIC Design Engineer",CA,"UNITED STATES OF AMERICA",Cupertino,17-2072.00
89,"Data Engineer III",WA,"UNITED STATES OF AMERICA",Seattle,15-2041.00
89,"Audit & Assurance In-Charge",PA,"UNITED STATES OF AMERICA",Philadelphia,13-2011.00
89,"Associate, Software Engineer ",IL,"UNITED STATES OF AMERICA",Chicago,15-1132.00
88,"Quality Assurance Engineer I",WA,"UNITED STATES OF AMERICA",Seattle,15-1133.00
88,"Senior Software Engineer",CA,"UNITED STATES OF AMERICA","San Jose",15-1133.00
88,"PMT III - External Services",WA,"UNITED STATES OF AMERICA",Seattle,15-2031.00
88,"Architect Level 2",NJ,"UNITED STATES OF AMERICA","EAST BRUNSWICK",15-1199.02
88,"Software Consultant",VA,"UNITED STATES OF AMERICA",Fairfax,15-1132.00
87,"Software Engineering Senior Advisor",MO,"UNITED STATES OF AMERICA","St. Louis",15-1132.00
87,"Data Scientist I",WA,"UNITED STATES OF AMERICA",Seattle,15-2041.00
87,"Software Engineer",NY,"UNITED STATES OF AMERICA","New York",15-1252.00
86,"Software Development Engineer",CA,"UNITED STATES OF AMERICA",Cupertino,15-1252.00
86,"Technology Consultant",WA,"UNITED STATES OF AMERICA",Seattle,15-1132.00
86,"APPLICATIONS DEVELOPER",TX,"UNITED STATES OF AMERICA",Austin,15-1132.00
86,"Senior Software Engineer",VA,"UNITED STATES OF AMERICA",Richmond,15-1132.00
85,"Software Engineer",VA,"UNITED STATES OF AMERICA",ASHBURN,15-1132.00
85,"Security Engineer I",WA,"UNITED STATES OF AMERICA",Seattle,15-1122.00
85,"Senior Software Developer",MA,"UNITED STATES OF AMERICA",WOBURN,15-1132.00
85,"Application Developer",NJ,"UNITED STATES OF AMERICA","SOUTH PLAINFIELD",15-1132.00
85,"Software Developer, Systems",MD,"UNITED STATES OF AMERICA",Rockville,15-1133.00
85,"Associate Director JC40",TX,"UNITED STATES OF AMERICA","COLLEGE STATION",15-1121.00
84,"SOFTWARE ENGINEER",AZ,"UNITED STATES OF AMERICA",CHANDLER,15-1132.00
84,"Software Engineer",NJ,"UNITED STATES OF AMERICA",WARREN,15-1199.02
84,"Programmer Analyst - I",CA,"UNITED STATES OF AMERICA",SUNNYVALE,15-1131.00
83,"Clinical Resident",MN,"UNITED STATES OF AMERICA",ROCHESTER,29-1069.00
83,"Computer Specialist/System Support And Development Admin 4",IL,"UNITED STATES OF AMERICA",Chicago,15-1199.02
83,"Sr. Silicon Design Engineer",CA,"UNITED STATES OF AMERICA","Santa Clara",17-2072.00
83,"Information Technology Project Manager 4",IL,"UNITED STATES OF AMERICA",Chicago,15-1199.09
83,"Research Fellow",MA,"UNITED STATES OF AMERICA",Boston,19-1029.00
83,"Software Engineer",MA,"UNITED STATES OF AMERICA",NATICK,15-1132.00
82,"Math Teacher",TX,"UNITED STATES OF AMERICA",Houston,25-2031.00
82,"Mechanical Engineer",NJ,"UNITED STATES OF AMERICA",Edison,17-2141.00
82,"Software Engineering MTS",CA,"UNITED STATES OF AMERICA","San Francisco",15-1132.00
82,"Senior Developer",PA,"UNITED STATES OF AMERICA","Newtown Square",15-1132.00
82,"Software Developer",IN,"UNITED STATES OF AMERICA",INDIANAPOLIS,15-1132.00
82,"SENIOR SOFTWARE ENGINEER",NY,"UNITED STATES OF AMERICA",PURCHASE,15-1132.00
81,"System Development Engineer I",WA,"UNITED STATES OF AMERICA",Seattle,15-1133.00
81,"Silicon Engineer",WA,"UNITED STATES OF AMERICA",Redmond,17-2061.00
81,"Technical Lead",MI,"UNITED STATES OF AMERICA",TROY,15-1199.02
81,"Software Developer",FL,"UNITED STATES OF AMERICA",Tampa,15-1132.00
81,"SOFTWARE DEVELOPMENT ENGINEER III",VA,"UNITED STATES OF AMERICA",ARLINGTON,15-1132.00
81,"Senior Consultant",PA,"UNITED STATES OF AMERICA",Philadelphia,15-1211.00
80,"Medical Technologist",VA,"UNITED STATES OF AMERICA",Aldie,29-2011.00
80,"Software Developer, Systems Software",NJ,"UNITED STATES OF AMERICA",BEDMINSTER,15-1133.00
80,"SENIOR SOFTWARE ENGINEER",CA,"UNITED STATES OF AMERICA","SAN DIEGO",15-1133.00
80,"Data Scientist",NY,"UNITED STATES OF AMERICA","New York",15-2041.00
80,"Software Engineer",MA,"UNITED STATES OF AMERICA",Boston,15-1132.00
80,"Software Engineering LMTS",CA,"UNITED STATES OF AMERICA","San Francisco",15-1132.00
80,"Solution Architect III",WA,"UNITED STATES OF AMERICA",Seattle,15-1133.00
80,"ELEMENTARY SCHOOL TEACHER",GA,"UNITED STATES OF AMERICA",SAVANNAH,25-2021.00
80,"SENIOR BUSINESS ANALYST",VA,"UNITED STATES OF AMERICA",Richmond,19-3011.00
80,"Senior Data Scientist",AR,"UNITED STATES OF AMERICA",BENTONVILLE,15-1199.08
79,"Software Engineer",TX,"UNITED STATES OF AMERICA",Katy,15-1132.00
79,"Software Engineer",CA,"UNITED STATES OF AMERICA","Palo Alto",15-1133.00
79,"Associate (Management Consultant)",NY,"UNITED STATES OF AMERICA","New York",13-1111.00
79,"Software Engineer II",MI,"UNITED STATES OF AMERICA",Detroit,15-1132.00
79,"Staff Software Engineer",CA,"UNITED STATES OF AMERICA",SUNNYVALE,15-1132.00
79,Associate,FL,"UNITED STATES OF AMERICA",TAMPA,13-2011.00
79,"SENIOR DATA ANALYST",VA,"UNITED STATES OF AMERICA",Richmond,15-2031.00
79,"RESEARCH SCIENTIST II",WA,"UNITED STATES OF AMERICA",SEATTLE,15-1111.00
79,"DATA ANALYST",NE,"UNITED STATES OF AMERICA",MCCOOK,15-1199.08
79,"Senior Consultant",PA,"UNITED STATES OF AMERICA",Philadelphia,15-1252.00
79,"WEB DEVELOPER",MD,"UNITED STATES OF AMERICA",ROCKVILLE,15-1254.00
78,"Senior Associate JC60 -Computer Systems Engineers/Architects",TX,"UNITED STATES OF AMERICA","COLLEGE STATION",15-1299.08
78,"Senior Software Developer",MA,"UNITED STATES OF AMERICA",WOBURN,15-1252.00
78,"Research Scientist",CA,"UNITED STATES OF AMERICA","Santa Clara",15-1111.00
78,"Firmware Engineer",CA,"UNITED STATES OF AMERICA","Santa Clara",15-1133.00
78,"Data Scientist",CA,"UNITED STATES OF AMERICA","Menlo Park",15-2041.00
78,"Product Manager II - Technical",WA,"UNITED STATES OF AMERICA",Seattle,11-3021.00
78,"Software Developer",NJ,"UNITED STATES OF AMERICA","East Brunswick",15-1132.00
78,"Application Engineer",IL,"UNITED STATES OF AMERICA",Riverwoods,15-1132.00
77,"Software Engineer",OH,"UNITED STATES OF AMERICA",COLUMBUS,15-1132.00
77,"ADVANCED BUSINESS ANALYST",FL,"UNITED STATES OF AMERICA",TAMPA,15-2031.00
77,"Software Developer",VA,"UNITED STATES OF AMERICA",Dulles,15-1132.00
77,"Software Engineer",NC,"UNITED STATES OF AMERICA",Charlotte,15-1132.00
77,"Staff Software Engineer",CA,"UNITED STATES OF AMERICA","San Diego",15-1133.00
77,"Hospitalist Physician",TX,"UNITED STATES OF AMERICA",Dallas,29-1069.03
77,"SOFTWARE ENGINEER",IL,"UNITED STATES OF AMERICA",SPRINGFIELD,15-1132.00
77,"SOFTWARE DEVELOPER",CA,"UNITED STATES OF AMERICA","Santa Clara",15-1132.00
77,"Business Intelligence Engineer III",WA,"UNITED STATES OF AMERICA",Seattle,15-1199.08
77,"Applications Development Senior Programmer Analyst",NY,"UNITED STATES OF AMERICA","NEW YORK",15-1132.00
77,"Senior Project Manager - US ",TX,"UNITED STATES OF AMERICA",RICHARDSON,15-1299.09
76,"Senior Software Engineer/Developer",MA,"UNITED STATES OF AMERICA",Boston,15-1252.00
76,"Software Engineer ",CA,"UNITED STATES OF AMERICA","Mountain View",15-1252.00
76,"SOFTWARE ENGINEER",TX,"UNITED STATES OF AMERICA",IRVING,15-1252.00
76,"Software Developer",GA,"UNITED STATES OF AMERICA",Alpharetta,15-1252.00
76,"Software Engineer",MI,"UNITED STATES OF AMERICA",TROY,15-1199.02
76,"SOFTWARE ENGINEER",NJ,"UNITED STATES OF AMERICA",Bedminster,15-1132.00
76,"Lead Software Engineer",CA,"UNITED STATES OF AMERICA","San Jose",15-1132.00
76,"Software Developer",NC,"UNITED STATES OF AMERICA",DURHAM,15-1132.00
76,"LAW CLERK",NY,"UNITED STATES OF AMERICA","New York",23-1011.00
76,"Software Engineer",TX,"UNITED STATES OF AMERICA",Richardson,15-1132.00
76,"Software Engineer",CA,"UNITED STATES OF AMERICA","San Francisco ",15-1133.00
76,"Applications Development Technical Lead Analyst",NY,"UNITED STATES OF AMERICA","NEW YORK",15-1132.00
76,"Member of Technical Staff",CA,"UNITED STATES OF AMERICA","San Jose",15-1133.00
76,"DATA ANALYST",NE,"UNITED STATES OF AMERICA","GRAND ISLAND",15-1199.08
75,"SOLUTIONS ARCHITECT II",WA,"UNITED STATES OF AMERICA",SEATTLE,15-1133.00
75,"Solution Architect II",WA,"UNITED STATES OF AMERICA",Seattle,15-1133.00
75,"Salesforce Developer",TX,"UNITED STATES OF AMERICA",Irving,15-1132.00
75,"Manager III, Software Development",WA,"UNITED STATES OF AMERICA",Seattle,15-1132.00
75,"Senior Software Engineer",GA,"UNITED STATES OF AMERICA",Atlanta,15-1132.00
75,"Manager I, Operations",WA,"UNITED STATES OF AMERICA",Seattle,13-1081.00
75,"SOFTWARE DEVELOPER",TX,"UNITED STATES OF AMERICA",FRISCO,15-1252.00
75,"Software Developer",MD,"UNITED STATES OF AMERICA",Rockville,15-1252.00
74,"Software Developer",VA,"UNITED STATES OF AMERICA",Fairfax,15-1252.00
74,"SYSTEMS ANALYST",NJ,"UNITED STATES OF AMERICA",PLAINSBORO,15-1211.00
74,"Software Developer",NJ,"UNITED STATES OF AMERICA","North Brunswick",15-1132.00
74,"Senior Manager, Software Engineering",VA,"UNITED STATES OF AMERICA",Richmond,15-1132.00
74,"SOFTWARE DEVELOPER",NJ,"UNITED STATES OF AMERICA",BRIDGEWATER,15-1132.00
74,"Software Developer",NJ,"UNITED STATES OF AMERICA",Cranbury,15-1132.00
74,"Senior Software Engineer ",AR,"UNITED STATES OF AMERICA",BENTONVILLE,15-1132.00
74,"POSTDOCTORAL ASSOCIATE/FELLOW",TX,"UNITED STATES OF AMERICA",Houston,19-1021.00
74,"Java Developer",GA,"UNITED STATES OF AMERICA",ALPHARETTA,15-1132.00
74,"Senior Manager JC45 - IT Project Managers",TX,"UNITED STATES OF AMERICA","COLLEGE STATION",15-1199.09
73,"Developer ",MD,"UNITED STATES OF AMERICA",Rockville,15-1131.00
73,"SOFTWARE ENGINEER",GA,"UNITED STATES OF AMERICA",SUWANEE,15-1132.00
73,"Senior Associate",TX,"UNITED STATES OF AMERICA",Dallas,13-2011.00
73,"Systems Analyst",NJ,"UNITED STATES OF AMERICA",BEDMINSTER,15-1121.00
73,"Senior Associate JC60 - Management Analysts",TX,"UNITED STATES OF AMERICA","COLLEGE STATION",13-1111.00
73,"Software Developer",GA,"UNITED STATES OF AMERICA",Duluth,15-1132.00
73,"Software Engineer",FL,"UNITED STATES OF AMERICA","Fort Myers",15-1132.00
73,"Software Engineer",MI,"UNITED STATES OF AMERICA",Troy,15-1132.00
73,"VICE PRESIDENT",NJ,"UNITED STATES OF AMERICA","JERSEY CITY",13-2099.01
73,"JAVA DEVELOPER",NJ,"UNITED STATES OF AMERICA",EDISON,15-1132.00
73,"Research Fellow",MD,"UNITED STATES OF AMERICA",Bethesda,19-1021.00
73,"ASSOCIATE SENIOR SOFTWARE ENGINEER",MO,"UNITED STATES OF AMERICA","NORTH KANSAS CITY",15-1132.00
73,"IT Project Managers - IV",CA,"UNITED STATES OF AMERICA",SUNNYVALE,15-1299.09
73,"Computer Systems Analyst 3",IL,"UNITED STATES OF AMERICA",Chicago,15-1211
72,"Software Developer",TX,"UNITED STATES OF AMERICA",HOUSTON,15-1252.00
72,"MANAGER III, SOFTWARE DEVELOPMENT",VA,"UNITED STATES OF AMERICA",ARLINGTON,11-3021.00
72,"Manager JC50 - Software Dev Applications",TX,"UNITED STATES OF AMERICA","COLLEGE STATION",15-1132.00
72,"Software Developer",DE,"UNITED STATES OF AMERICA",Wilmington,15-1132.00
72,Resident,MA,"UNITED STATES OF AMERICA",Somerville,29-1069.00
72,"Associate Consultant - US",TX,"UNITED STATES OF AMERICA",RICHARDSON,15-1199.00
72,"DATA ENGINEER",NE,"UNITED STATES OF AMERICA",MCCOOK,15-1133.00
72,"Software Development Engineer",CA,"UNITED STATES OF AMERICA","San Jose",15-1133.00
72,"Software Developer",TX,"UNITED STATES OF AMERICA",CARROLLTON,15-1132.00
72,"Advisory Manager",PA,"UNITED STATES OF AMERICA",Philadelphia,15-1122.00
72,"Business Manager",VA,"UNITED STATES OF AMERICA",Richmond,19-3011.00
72,"Senior Software Engineer",MN,"UNITED STATES OF AMERICA","EDEN PRAIRIE",15-1132.00
71,"Software Engineer",CA,"UNITED STATES OF AMERICA","Menlo Park",15-1133.00
71,"Software Engineer ",CA,"UNITED STATES OF AMERICA","San Francisco",15-1132.00
71,"Professional Services I",WA,"UNITED STATES OF AMERICA",Seattle,15-1133.00
71,"Software Developer",NJ,"UNITED STATES OF AMERICA",Kingston,15-1132.00
71,"Software Engineer",NC,"UNITED STATES OF AMERICA",MOORESVILLE,15-1132.00
71,"Systems Test Engineer",CA,"UNITED STATES OF AMERICA","San Diego",15-1133.00
71,"Software Developer",CA,"UNITED STATES OF AMERICA",Pleasanton,15-1132.00
71,"Software Engineer II",CA,"UNITED STATES OF AMERICA","San Francisco",15-1133.00
71,"Data Scientist",CA,"UNITED STATES OF AMERICA","Santa Clara",15-2041.00
70,"PRODUCTION ENGINEER",CA,"UNITED STATES OF AMERICA","MENLO PARK",15-1133.00
70,"Hardware Engineer",WA,"UNITED STATES OF AMERICA",Redmond,17-2061.00
70,"Project Leader",MA,"UNITED STATES OF AMERICA",BOSTON,13-1111.00
70,"Software Engineering Lead",WA,"UNITED STATES OF AMERICA",Redmond,15-1132.00
70,"LEAD SOFTWARE ENGINEER",VA,"UNITED STATES OF AMERICA",Richmond,15-1132.00
70,"Front-End Engineer I",WA,"UNITED STATES OF AMERICA",Seattle,15-1132.00
70,"Software Engineer III",GA,"UNITED STATES OF AMERICA",Alpharetta,15-1132.00
70,"PHYSICIAN IN A POST GRADUATE TRAINING PROGRAM",NY,"UNITED STATES OF AMERICA",BRONX,29-1069.00
70,"Software Engineer ",CA,"UNITED STATES OF AMERICA","Mountain View",15-1132.00.00
70,"Principal Software Engineer/Developer",MA,"UNITED STATES OF AMERICA",Boston,15-1252.00
70,"Technical Program Manager",WA,"UNITED STATES OF AMERICA",Redmond,15-1199.09
70,"Software Engineer",CA,"UNITED STATES OF AMERICA","Menlo Park",15-1132
69,"JAVA ENGINEER 2",MA,"UNITED STATES OF AMERICA",SOUTHBOROUGH,15-1199.02
69,"Quality Reliability Engineer",CA,"UNITED STATES OF AMERICA","Santa Clara",17-2112.00
69,"MTS 2, Software Engineer",CA,"UNITED STATES OF AMERICA","San Jose",15-1132.00
69,"Engineering Manager",CA,"UNITED STATES OF AMERICA","MENLO PARK",11-3021.00
69,"Applied Scientist III",WA,"UNITED STATES OF AMERICA",Seattle,15-1111.00
69,"Senior Software Engineer",NY,"UNITED STATES OF AMERICA","New York",15-1133.00
69,"Computer Specialist / Testing and Quality Analyst 3",IL,"UNITED STATES OF AMERICA",Chicago,15-1199.01
69,"Senior Engineer",MN,"UNITED STATES OF AMERICA",Minneapolis,15-1132.00
69,"Research Fellow",MD,"UNITED STATES OF AMERICA",Bethesda,19-1042.00
68,"SOFTWARE QUALITY ASSURANCE ENGINEER AND TESTER",NJ,"UNITED STATES OF AMERICA",PLAINSBORO,15-1199.01
68,"Senior Associate JC60 - Software Dev Applications",TX,"UNITED STATES OF AMERICA","COLLEGE STATION",15-1132.00
68,"Software Engineer ",CA,"UNITED STATES OF AMERICA","Santa Clara",15-1133.00
68,"Research Scientist",CA,"UNITED STATES OF AMERICA","Menlo Park ",15-1111.00
68,"Software Engineer",NE,"UNITED STATES OF AMERICA",OMAHA,15-1132.00
68,"Software Engineer II",NY,"UNITED STATES OF AMERICA","NEW YORK",15-1132.00
68,"SOFTWARE DEVELOPER",NJ,"UNITED STATES OF AMERICA",PARLIN,15-1132.00
68,"Software Developer ",TX,"UNITED STATES OF AMERICA",HOUSTON,15-1132.00
68,"Support Engineer I–External",WA,"UNITED STATES OF AMERICA",Seattle,15-1121.00
68,"Technology Architect - US ",TX,"UNITED STATES OF AMERICA",RICHARDSON,15-1299.08
67,"Technical Program Manager II",WA,"UNITED STATES OF AMERICA",Seattle,15-1252.00
67,"Software Development Engineer",TX,"UNITED STATES OF AMERICA",Austin,15-1132.00
67,"Software Engineer",CA,"UNITED STATES OF AMERICA","Palo Alto",15-1132.00
67,"DATA ENGINEER",NE,"UNITED STATES OF AMERICA","GRAND ISLAND",15-1133.00
67,"Engagement Manager (Management Consultant)",NY,"UNITED STATES OF AMERICA","New York",13-1111.00
67,"Software Engineer ",CA,"UNITED STATES OF AMERICA","San Francisco",15-1133.00
67,"Senior Engineer",NY,"UNITED STATES OF AMERICA","New York ",15-1132.00
67,"Principal Consultant",NJ,"UNITED STATES OF AMERICA","Short Hills",15-1132.00
67,"Production Support Lead - US ",TX,"UNITED STATES OF AMERICA",RICHARDSON,15-1121.00
67,"Applications Development Tech Lead Analyst",NY,"UNITED STATES OF AMERICA","New York",15-1132.00
67,"Software Engineer Senior",NY,"UNITED STATES OF AMERICA","NEW YORK",15-1132.00
67,Manager,PA,"UNITED STATES OF AMERICA",Philadelphia,15-2031.00
67,"Software Developer",DE,"UNITED STATES OF AMERICA",Newark,15-1132.00
67,"Software Engineer/Developer",NJ,"UNITED STATES OF AMERICA",Hoboken,15-1132.00
67,"Data Engineer II",WA,"UNITED STATES OF AMERICA",SEATTLE,15-1141.00
66,"Data Engineer I",WA,"UNITED STATES OF AMERICA",Seattle,15-1199.06
66,"Software Developer",GA,"UNITED STATES OF AMERICA",MARIETTA,15-1132.00
66,"JAVA DEVELOPER",NE,"UNITED STATES OF AMERICA",MCCOOK,15-1132.00
66,"Software Developer",MI,"UNITED STATES OF AMERICA",Livonia,15-1132.00
66,"Test Engineer",NY,"UNITED STATES OF AMERICA","New York",15-1199.01
66,"Graphics Hardware Engineer",CA,"UNITED STATES OF AMERICA","Santa Clara",17-2072.00
66,"Applied Scientist II",WA,"UNITED STATES OF AMERICA",Seattle,15-1221.00
66,"Professional Services II",WA,"UNITED STATES OF AMERICA",Seattle,15-1252.00
66,"Software Developer",VA,"UNITED STATES OF AMERICA",Sterling,15-1252.00
65,"SOFTWARE DEVELOPMENT ENGINEER I",VA,"UNITED STATES OF AMERICA",ARLINGTON,15-1252.00
65,"Technical Test Lead - US ",TX,"UNITED STATES OF AMERICA",RICHARDSON,15-1253.00
65,"Developer L3",NJ,"UNITED STATES OF AMERICA","EAST BRUNSWICK",15-1131.00
65,"Research Fellow",MA,"UNITED STATES OF AMERICA",Somerville,19-1021.00
65,"Software Engineer",GA,"UNITED STATES OF AMERICA",ATLANTA,15-1132.00
65,"Manager JC50 - NSS",TX,"UNITED STATES OF AMERICA","COLLEGE STATION",15-1142.00
65,"Java Developer",IL,"UNITED STATES OF AMERICA",Schaumburg,15-1132.00
65,"Software Engineering LMTS",CA,"UNITED STATES OF AMERICA","San Francisco",15-1133.00
65,"Medical Laboratory Scientist II",UT,"UNITED STATES OF AMERICA","Salt Lake City",29-2011.00
65,"Senior Application Developer",NJ,"UNITED STATES OF AMERICA",ROSELAND,15-1132.00
65,"Research Scientist",CA,"UNITED STATES OF AMERICA","Mountain View",15-1111.00
65,"Service Engineer",WA,"UNITED STATES OF AMERICA",Redmond,15-1199.02
65,"Data Engineer",CA,"UNITED STATES OF AMERICA","Menlo Park ",15-1199.07
65,"Applied Sciences",WA,"UNITED STATES OF AMERICA",Redmond,15-1111.00
65,"Techno Functional Consultant L2",NJ,"UNITED STATES OF AMERICA","EAST BRUNSWICK",15-1121.00
64,"Engineer III",IN,"UNITED STATES OF AMERICA",Indianapolis,15-1132.00
64,"Manager, Software Engineering",CA,"UNITED STATES OF AMERICA",SUNNYVALE,11-3021.00
64,"Software Developer",NY,"UNITED STATES OF AMERICA",Rochester,15-1132.00
64,"Engineer 3, Software Development & Engineering",PA,"UNITED STATES OF AMERICA",PHILADELPHIA,15-1132.00
64,"Hardware Engineer, Electronics",CA,"UNITED STATES OF AMERICA","Santa Clara",17-2072.00
64,"Software Engineer, Systems Infrastructure",CA,"UNITED STATES OF AMERICA",SUNNYVALE,15-1133.00
64,"SOFTWARE ENGINEER II",MO,"UNITED STATES OF AMERICA","North Kansas City",15-1132.00
64,"QUALITY CONTROL SUPERVISOR",NJ,"UNITED STATES OF AMERICA","GLOUSCESTER CITY",45-2011.00
64,"SOFTWARE ENGINEER",NJ,"UNITED STATES OF AMERICA",SOMERSET,15-1252.00
63,"Senior Software Developer",PA,"UNITED STATES OF AMERICA","Moon Township",15-1252.00
63,"Software Engineer",CA,"UNITED STATES OF AMERICA","South San Francisco ",15-1132.00
63,DEVELOPER,CA,"UNITED STATES OF AMERICA","SAN JOSE",15-1132.00
63,"Software Developer",MD,"UNITED STATES OF AMERICA",Gaithersburg,15-1132.00
63,"Assistant Vice President",NC,"UNITED STATES OF AMERICA",CARY,15-1132.00
63,"Research Associate",MN,"UNITED STATES OF AMERICA",ROCHESTER,19-1042.00
63,"Lead Application Developer",NJ,"UNITED STATES OF AMERICA",ROSELAND,15-1132.00
63,"Graphics Software Engineer",CA,"UNITED STATES OF AMERICA","Santa Clara",15-1133.00
63,"Staff Software Engineer",CA,"UNITED STATES OF AMERICA","SAN FRANCISCO",15-1133.00
63,"JAVA ANALYST 2",MA,"UNITED STATES OF AMERICA",SOUTHBOROUGH,15-1121.00
63,"Data Scientist",CA,"UNITED STATES OF AMERICA","Mountain View",15-2041.00
63,"Associate Research Scientist",NY,"UNITED STATES OF AMERICA","New York",19-1042.00
63,"Software Developer",TX,"UNITED STATES OF AMERICA","FLOWER MOUND",15-1132.00
63,"JUNIOR COMPUTER SYSTEMS ENGINEER 1",MA,"UNITED STATES OF AMERICA",SOUTHBOROUGH,15-1199.02
63,"Member Technical Staff, Software Engineer",CA,"UNITED STATES OF AMERICA","San Jose",15-1133.00
62,"PRINCIPAL DATA ANALYST",VA,"UNITED STATES OF AMERICA",Richmond,15-2031.00
62,"Security Engineer II",WA,"UNITED STATES OF AMERICA",Seattle,15-1122.00
62,"Software Engineer ",NY,"UNITED STATES OF AMERICA","New York",15-1132.00
62,"Clinical Fellow",MA,"UNITED STATES OF AMERICA",Somerville,29-1069.00
62,"Quality Assurance Engineer II",WA,"UNITED STATES OF AMERICA",Seattle,15-1253.00
62,"Vice President, Software Engineer ",IL,"UNITED STATES OF AMERICA",Chicago,15-1132.00
61,"Computer Programmer/Configurer 2",IL,"UNITED STATES OF AMERICA",Chicago,15-1131.00
61,"Project Lead L1",NJ,"UNITED STATES OF AMERICA","EAST BRUNSWICK",15-1131.00
61,"DevOps Engineer",TX,"UNITED STATES OF AMERICA",Irving,15-1132.00
61,"IT App Development Engineer II",WA,"UNITED STATES OF AMERICA",Seattle,15-1132.00
61,"Technical Analyst",TX,"UNITED STATES OF AMERICA",Austin,15-1121.00
61,"Software Developer",PA,"UNITED STATES OF AMERICA","King of Prussia",15-1132.00
61,"Tools & Automation Engineer",CA,"UNITED STATES OF AMERICA",Cupertino,15-1132.00
61,"Postdoctoral Fellow",NY,"UNITED STATES OF AMERICA","New York",19-1042.00
61,Attorney,NY,"UNITED STATES OF AMERICA","New York",23-1011.00
61,"Network Administrator - III",CA,"UNITED STATES OF AMERICA",SUNNYVALE,15-1142.00
61,"Senior software engineer",TX,"UNITED STATES OF AMERICA",Irving,15-1132.00
61,"Customer Engineer",WA,"UNITED STATES OF AMERICA",Redmond,15-1199.02
61,"Financial Analyst",NY,"UNITED STATES OF AMERICA","New York",13-2051.00
60,"Software Developer",KS,"UNITED STATES OF AMERICA","Overland Park",15-1132.00
60,"Senior Staff ASICS Engineer",CA,"UNITED STATES OF AMERICA","San Diego",17-2072.00
60,"SOFTWARE ENGINEER",NE,"UNITED STATES OF AMERICA",MCCOOK,15-1133.00
60,"Mechanical Engineer",CA,"UNITED STATES OF AMERICA","Santa Clara",17-2141.00
60,"Solutions Architect III",WA,"UNITED STATES OF AMERICA",Seattle,15-1121.00
60,"JAVA DEVELOPER",NE,"UNITED STATES OF AMERICA","GRAND ISLAND",15-1132.00
60,"Software Developer, Applications ",MD,"UNITED STATES OF AMERICA",Rockville,15-1132.00
60,"Postdoctoral Research Associate",TN,"UNITED STATES OF AMERICA",MEMPHIS,19-1021.00
60,"Software Developer",IL,"UNITED STATES OF AMERICA","Rolling Meadows",15-1132.00
60,"Full Stack Developer III",TN,"UNITED STATES OF AMERICA",Collierville,15-1132.00
60,"System Architect - III",CA,"UNITED STATES OF AMERICA",SUNNYVALE,15-1299.08
60,"Data and Applied Scientist",WA,"UNITED STATES OF AMERICA",Redmond,15-2051.00
59,"Vice President",NJ,"UNITED STATES OF AMERICA","JERSEY CITY",15-1252.00
59,"Lead Software Engineer",PA,"UNITED STATES OF AMERICA",Newtown,15-1132.00
59,"Product Manager III",WA,"UNITED STATES OF AMERICA",Seattle,11-2021.00
59,"R&D Engineer IC Design",CA,"UNITED STATES OF AMERICA","San Jose",17-2072.00
59,"Computer Specialist / Testing and Quality Analyst 2",IL,"UNITED STATES OF AMERICA",Chicago,15-1199.01
59,"PRINCIPAL ASSOCIATE, DATA SCIENCE",VA,"UNITED STATES OF AMERICA",Richmond,15-2041.00
59,"SOFTWARE DEVELOPMENT ENGINEER II-TEST",WA,"UNITED STATES OF AMERICA",SEATTLE,15-1133.00
59,"Application Engineer III",PA,"UNITED STATES OF AMERICA",Malvern,15-1132.00
59,"Research Associate",NY,"UNITED STATES OF AMERICA","New York",19-1042.00
59,"Software Programmer I",NY,"UNITED STATES OF AMERICA","New York",15-1131.00
59,"Program Manager",WA,"UNITED STATES OF AMERICA",Redmond,15-1199.08
59,"Project Manager L1",NJ,"UNITED STATES OF AMERICA","EAST BRUNSWICK",15-1199.09
59,"Mechanical Engineers - I",CA,"UNITED STATES OF AMERICA",SUNNYVALE,17-2141.00
59,"Direct Care Professional",PA,"UNITED STATES OF AMERICA","West Chester",21-1015.00
58,"Economist I",WA,"UNITED STATES OF AMERICA",SEATTLE,19-3011.00
58,"Master Software Engineer",VA,"UNITED STATES OF AMERICA",Richmond,15-1132.00
58,"IT PROJECT MANAGER 3",MA,"UNITED STATES OF AMERICA",SOUTHBOROUGH,15-1199.09
58,"Software Engineer II",CA,"UNITED STATES OF AMERICA","San Francisco",15-1132.00
58,"Architectural Designer",NY,"UNITED STATES OF AMERICA","New York",17-1011.00
58,"Senior Solution Specialist",PA,"UNITED STATES OF AMERICA",PHILADELPHIA,15-1133.00
58,"Senior Software Engineer ",NY,"UNITED STATES OF AMERICA","New York",15-1132.00
58,"SENIOR SOFTWARE ENGINEER",CA,"UNITED STATES OF AMERICA","Los Gatos",15-1133.00
58,"Software Engineer II",MA,"UNITED STATES OF AMERICA",Boston,15-1132.00
58,"Business Analyst",MD,"UNITED STATES OF AMERICA",ROCKVILLE,15-1121.00
58,"Software Developer, Application",MA,"UNITED STATES OF AMERICA",Belmont,15-1132.00
58,"Associate II JC65 - Computer Systems Engineers",TX,"UNITED STATES OF AMERICA","COLLEGE STATION",15-1199.02
58,Instructor,FL,"UNITED STATES OF AMERICA","Daytona Beach",25-1199
58,"Software Engineer",WA,"UNITED STATES OF AMERICA",Kennewick,15-1132.00
58,"Software Developer",NJ,"UNITED STATES OF AMERICA",Piscataway,15-1252.00
57,"Associate, Software Engineer ",IL,"UNITED STATES OF AMERICA",Chicago,15-1252.00
57,"Data and Applied Scientist",WA,"UNITED STATES OF AMERICA",Redmond,15-2041.00
57,"Quantitative Researcher",IL,"UNITED STATES OF AMERICA",Chicago,15-2031.00
57,"Senior Associate JC60 - NSS",TX,"UNITED STATES OF AMERICA","COLLEGE STATION",15-1142.00
57,"Advisory Senior Consultant",PA,"UNITED STATES OF AMERICA",Philadelphia,15-2031.00
57,"Program Manager Technical",CA,"UNITED STATES OF AMERICA","Santa Clara",15-1199.09
57,"Software Developer",NJ,"UNITED STATES OF AMERICA","MONMOUTH JUNCTION",15-1132.00
57,"SENIOR MANAGER, SOFTWARE DEVELOPMENT",WA,"UNITED STATES OF AMERICA",SEATTLE,11-3021.00
57,"Senior Software Engineer",CT,"UNITED STATES OF AMERICA",NORWALK,15-1132.00
57,"Business Analyst 3",IL,"UNITED STATES OF AMERICA",CHICAGO,13-1111.00
57,"Information Technology Project Manager",NJ,"UNITED STATES OF AMERICA",Edison,15-1199.09
57,"SOFTWARE ENGINEER",VA,"UNITED STATES OF AMERICA",RESTON,15-1132.00
57,"Senior Associate",FL,"UNITED STATES OF AMERICA",TAMPA,15-1122.00
57,"Physical Therapy",NJ,"UNITED STATES OF AMERICA",Howell,29-1123.00
56,"Software Developer",NJ,"UNITED STATES OF AMERICA",PRINCETON,15-1252.00
56,"SOFTWARE DEVELOPER ",GA,"UNITED STATES OF AMERICA",ALPHARETTA,15-1132.00
56,"Engineer 4, Software Development & Engineering",PA,"UNITED STATES OF AMERICA",Philadelphia,15-1132.00
56,"TECHNICAL CONSULTANT",NJ,"UNITED STATES OF AMERICA",Bedminster,15-1132.00
56,"Science Teacher",TX,"UNITED STATES OF AMERICA",Houston,25-2031.00
56,"UX Designer III",WA,"UNITED STATES OF AMERICA",Seattle,27-1024.00
56,"SYSTEMS ANALYST",IL,"UNITED STATES OF AMERICA","Oak Brook",15-1121.00
56,Programmer/Analyst,NJ,"UNITED STATES OF AMERICA",PISCATAWAY,15-1131.00
56,"Speech Language Pathologist",CA,"UNITED STATES OF AMERICA",Pleasanton,29-1127.00
56,"Senior Software Developer",NY,"UNITED STATES OF AMERICA","New York",15-1132.00
56,"Sr. Software Engineer",CA,"UNITED STATES OF AMERICA","San Francisco",15-1133.00
56,"Audit & Assurance Manager",PA,"UNITED STATES OF AMERICA",Philadelphia,13-2011.00
56,"Software Engineer",MD,"UNITED STATES OF AMERICA",Columbia,15-1132.00
56,"DATA ENGINEER",TX,"UNITED STATES OF AMERICA",Irving,15-1132.00
56,Manager,TX,"UNITED STATES OF AMERICA",Dallas,13-2011.00
56,"SOFTWARE ENGINEER",MI,"UNITED STATES OF AMERICA",DEARBORN,15-1132.00
56,"Network Engineer",NJ,"UNITED STATES OF AMERICA",EDISON,15-1143.00
56,"Research Fellow",MA,"UNITED STATES OF AMERICA",Boston,19-1029.02
55,"Software Engineer",VA,"UNITED STATES OF AMERICA",Sterling,15-1132.00
55,"DEVOPS ENGINEER",NE,"UNITED STATES OF AMERICA",MCCOOK,15-1133.00
55,"Consultant - Infrastructure Management - US ",TX,"UNITED STATES OF AMERICA",RICHARDSON,15-1142.00
55,"Architectural Designer I",NY,"UNITED STATES OF AMERICA","New York",17-1011.00
55,"Senior Systems Analyst",NJ,"UNITED STATES OF AMERICA",Princeton,15-1121.00
55,"Senior Software Developer",TX,"UNITED STATES OF AMERICA",Irving,15-1132.00
55,"Project Manager",NJ,"UNITED STATES OF AMERICA",BEDMINSTER,15-1199.09
55,"Secondary Teacher",DC,"UNITED STATES OF AMERICA",washington,25-2031.00
55,"Java Developer",NJ,"UNITED STATES OF AMERICA",Piscataway,15-1132.00
55,"R&D Engineer Software",CA,"UNITED STATES OF AMERICA","San Jose",15-1132.00
55,"SYSTEMS ENGINEER",NJ,"UNITED STATES OF AMERICA",PLAINSBORO,15-1199.02
55,"Solution Architect 4",IL,"UNITED STATES OF AMERICA",CHICAGO,15-1133.00
55,"Software Engineer",MI,"UNITED STATES OF AMERICA",Southfield,15-1132.00
55,"SOFTWARE DEVELOPER",MI,"UNITED STATES OF AMERICA",NORTHVILLE,15-1132.00
55,"Software Application Developer",MA,"UNITED STATES OF AMERICA",Wilmington,15-1132.00
55,"ASSOCIATE SOFTWARE ENGINEER",IL,"UNITED STATES OF AMERICA",CHICAGO,15-1132.00
55,"Software Developer",TX,"UNITED STATES OF AMERICA","Irving ",15-1132.00
55,"Technical Lead",MD,"UNITED STATES OF AMERICA",ROCKVILLE,15-1299.09
54,"Product Manager",WA,"UNITED STATES OF AMERICA",Redmond,15-1299.09
54,"System Development Engineer II",WA,"UNITED STATES OF AMERICA",Seattle,15-1252.00
54,"SOFTWARE DEVELOPER",DE,"UNITED STATES OF AMERICA",LEWES,15-1132.00
54,"SOFTWARE DEVELOPER, SYSTEMS SOFTWARE",NJ,"UNITED STATES OF AMERICA",EDISON,15-1133.00
54,"Engineer 2",WA,"UNITED STATES OF AMERICA",Seattle,15-1133.00
54,"Software Engineer",CA,"UNITED STATES OF AMERICA","Los Angeles",15-1132.00
54,"Staff Scientist",MO,"UNITED STATES OF AMERICA","St. Louis",19-1042.00
54,"Solutions Architect",NJ,"UNITED STATES OF AMERICA",BEDMINSTER,15-1199.02
54,"Software Developer",GA,"UNITED STATES OF AMERICA","JOHNS CREEK",15-1132.00
54,"SOFTWARE ENGINEER",NE,"UNITED STATES OF AMERICA","GRAND ISLAND",15-1133.00
54,"Sr. Software Engineer",GA,"UNITED STATES OF AMERICA",ATLANTA,15-1132.00
53,"Senior Software Development Engineer",WA,"UNITED STATES OF AMERICA",Seattle,15-1132.00
53,Engineer,NY,"UNITED STATES OF AMERICA","New York",15-1132.00
53,"Software Engineer",IL,"UNITED STATES OF AMERICA",Chicago,15-1133.00
53,"Senior Engineer, Software",WA,"UNITED STATES OF AMERICA",Bellevue,15-1132.00
53,"Software Developer",FL,"UNITED STATES OF AMERICA",Miami,15-1132.00
53,"Senior Principal Consultant",NJ,"UNITED STATES OF AMERICA","Short Hills",15-1132.00
53,"Software Engineer",KY,"UNITED STATES OF AMERICA",LOUISVILLE,15-1132.00
53,"Data Engineer III",AR,"UNITED STATES OF AMERICA",BENTONVILLE,15-1132.00
53,"Mechanical Design Engineer",NC,"UNITED STATES OF AMERICA",Morrisville,17-2141.00
53,"Software Engineer",NJ,"UNITED STATES OF AMERICA",Cranbury,15-1132.00
53,"Software Engineer",NC,"UNITED STATES OF AMERICA",Raleigh,15-1132.00
53,"Executive Functional Consultant",IL,"UNITED STATES OF AMERICA",Chicago,15-1121.00
53,"IT Systems Analyst",NJ,"UNITED STATES OF AMERICA",PISCATAWAY,15-1121.00
53,"Senior Systems Test Engineer",CA,"UNITED STATES OF AMERICA","San Diego",15-1133.00
53,"Software Developer",SC,"UNITED STATES OF AMERICA",COLUMBIA,15-1132.00
53,"SOFTWARE DEVELOPER",CA,"UNITED STATES OF AMERICA",SACRAMENTO,15-1132.00
53,"Software Engineer",CA,"UNITED STATES OF AMERICA","Redwood City",15-1132.00
53,"Senior Software Engineer",TX,"UNITED STATES OF AMERICA",DALLAS,15-1132.00
53,"ELECTRICAL ENGINEER",GU,"UNITED STATES OF AMERICA",TAMUNING,17-2071.00
53,"Design Engineer",TX,"UNITED STATES OF AMERICA",Austin,17-2072.00
53,Associate,NC,"UNITED STATES OF AMERICA",CHARLOTTE,13-2051.00
53,"Software Development Engineer- Systems",CA,"UNITED STATES OF AMERICA",Cupertino,15-1133.00
53,"SOFTWARE ENGINEER I",MO,"UNITED STATES OF AMERICA","NORTH KANSAS CITY",15-1132.00
53,"SOFTWARE ENGINEER",CA,"UNITED STATES OF AMERICA","SAN JOSE",15-1252.00
53,"Software Programmer II",NY,"UNITED STATES OF AMERICA","New York",15-1251.00
53,"IT Project Managers - III",CA,"UNITED STATES OF AMERICA",SUNNYVALE,15-1299.09
52,"Software Developer",MI,"UNITED STATES OF AMERICA",Troy,15-1252.00
52,"Staff Software Engineer",CA,"UNITED STATES OF AMERICA","SAN FRANCISCO",15-1252.00
52,"Staff Software Engineer",AR,"UNITED STATES OF AMERICA",BENTONVILLE,15-1252.00
52,"Vice President, Software Engineering",IL,"UNITED STATES OF AMERICA",CHICAGO,15-1252.00
52,"Systems Analyst - III",CA,"UNITED STATES OF AMERICA",SUNNYVALE,15-1211.00
52,"Software Development Engineer",WA,"UNITED STATES OF AMERICA",Seattle,15-1252.00
52,"Vice President; Software Engineer III",NC,"UNITED STATES OF AMERICA",CHARLOTTE,15-1132.00
52,"BUSINESS ANALYST",NE,"UNITED STATES OF AMERICA",MCCOOK,15-1199.08
52,"SENIOR SOFTWARE ENGINEER",CA,"UNITED STATES OF AMERICA","Los Gatos",15-1132.00
52,"Program Manager I",WA,"UNITED STATES OF AMERICA",Seattle,15-2031.00
52,"Technical Test Lead - US",TX,"UNITED STATES OF AMERICA",RICHARDSON,15-1199.00
52,"Associate Specialist - Technology",NY,"UNITED STATES OF AMERICA","NEW YORK",15-1132.00
52,"Validation Engineer",NJ,"UNITED STATES OF AMERICA","South Plainfield",17-2199.02
52,"Supply Chain Manager II",WA,"UNITED STATES OF AMERICA",Seattle,13-1081.00
52,"Application Engineer",CA,"UNITED STATES OF AMERICA","Santa Clara",15-1132.00
52,"Data Engineer",NC,"UNITED STATES OF AMERICA",DURHAM,15-1199.07
52,"NETWORK DEVELOPMENT ENGINEER II",WA,"UNITED STATES OF AMERICA",SEATTLE,15-1143.00
52,"Research Fellow",MD,"UNITED STATES OF AMERICA",Bethesda,19-1029.02
52,"Postdoctoral Associate",PA,"UNITED STATES OF AMERICA",Pittsburgh,19-1042.00
52,"Senior Business Analyst (Management Consultant)",NY,"UNITED STATES OF AMERICA","New York",13-1111.00
52,"Staff Modem Software Engineer",CA,"UNITED STATES OF AMERICA","San Diego",15-1133.00
51,"Hardware Engineer",CA,"UNITED STATES OF AMERICA","Mountain View",17-2061.00
51,"Senior Associate",NY,"UNITED STATES OF AMERICA","New York",13-2051.00
51,"Quantitative Analyst",NY,"UNITED STATES OF AMERICA","New York",13-2099.01
51,"PROGRAMMER ANALYST",NJ,"UNITED STATES OF AMERICA",EDISON,15-1131.00
51,"Solutions Architect II",WA,"UNITED STATES OF AMERICA",Seattle,15-1121.00
51,"SOFTWARE ENGINEER",GA,"UNITED STATES OF AMERICA",DULUTH,15-1132.00
51,"SOFTWARE DEVELOPER ",NJ,"UNITED STATES OF AMERICA",PLAINSBORO,15-1132.00
51,"Senior Software Engineer",MI,"UNITED STATES OF AMERICA",Detroit,15-1132.00
51,"SOFTWARE DEVELOPER",MI,"UNITED STATES OF AMERICA",CANTON,15-1132.00
51,"DevOps Engineer",GA,"UNITED STATES OF AMERICA",Alpharetta,15-1132.00
51,"Product Design Engineer",CA,"UNITED STATES OF AMERICA",Cupertino,17-2141.00
51,"Staff Software Engineer",CA,"UNITED STATES OF AMERICA","Mountain View",15-1132.00
51,"Network Development Engineer I",WA,"UNITED STATES OF AMERICA",Seattle,15-1143.00
51,"Technical Lead",NC,"UNITED STATES OF AMERICA",DURHAM,15-1121.00
51,"Software Developer",MO,"UNITED STATES OF AMERICA",Chesterfield,15-1132.00
51,"STAFF ENGINEER",CA,"UNITED STATES OF AMERICA","Palo Alto",15-1132.00
51,Manager,FL,"UNITED STATES OF AMERICA",TAMPA,15-1132.00
51,"Software Engineer",CA,"UNITED STATES OF AMERICA","Menlo Park ",15-1252.00
51,"SOFTWARE DEVELOPER",VA,"UNITED STATES OF AMERICA",CHANTILLY,15-1252.00
51,"Software Engineer 3",CA,"UNITED STATES OF AMERICA","San Jose",15-1252.00
50,"Computer Programmer/Configurer 3",IL,"UNITED STATES OF AMERICA",Chicago,15-1251.00
50,"IT Project Manager - II",CA,"UNITED STATES OF AMERICA",SUNNYVALE,15-1199.09
50,"Postdoctoral Research Fellow",MD,"UNITED STATES OF AMERICA",Baltimore,19-1042.00
50,"Project Delivery Manager",PA,"UNITED STATES OF AMERICA",PHILADELPHIA,11-3021.00
50,"DEVOPS ENGINEER",NE,"UNITED STATES OF AMERICA","GRAND ISLAND",15-1133.00
50,"Team Leader",NY,"UNITED STATES OF AMERICA","New York",11-3021.00
50,Dentist,CA,"UNITED STATES OF AMERICA",Irvine,29-1021.00
50,"Research Fellow",MA,"UNITED STATES OF AMERICA",Somerville,19-1029.02
50,"Java Developer",DE,"UNITED STATES OF AMERICA",Newark,15-1132.00
50,"Software Test Engineer",NJ,"UNITED STATES OF AMERICA",BEDMINSTER,15-1199.01
50,"Product Manager",CA,"UNITED STATES OF AMERICA","MENLO PARK",11-3021.00
50,"Vice President",DE,"UNITED STATES OF AMERICA",Wilmington,15-1132.00
50,"SOFTWARE ENGINEER",FL,"UNITED STATES OF AMERICA",JACKSONVILLE,15-1132.00
50,"Business Technology Solutions Associate",IL,"UNITED STATES OF AMERICA",Evanston,15-1121.00
50,"Software Developer ",MA,"UNITED STATES OF AMERICA",WOBURN,15-1132.00
49,"Software Developer",OH,"UNITED STATES OF AMERICA",Springboro,15-1132.00
49,"APPLIED SCIENTIST",CA,"UNITED STATES OF AMERICA","SAN FRANCISCO",15-2041.00
49,"Software Developer",VA,"UNITED STATES OF AMERICA",Reston,15-1132.00
49,Associate,NJ,"UNITED STATES OF AMERICA","JERSEY CITY",13-2099.02
49,"Senior Modem Software Engineer",CA,"UNITED STATES OF AMERICA","San Diego",15-1133.00
49,"Lead Engineer",MN,"UNITED STATES OF AMERICA",Minneapolis,15-1132.00
49,"Computer Systems Analysts",NJ,"UNITED STATES OF AMERICA",Edison,15-1121.00
49,"Senior Program Manager",WA,"UNITED STATES OF AMERICA",Redmond,13-1111.00
49,"Software Engineer Staff",CA,"UNITED STATES OF AMERICA",Sunnyvale,15-1133.00
49,"Software Quality/Test Engineer",VA,"UNITED STATES OF AMERICA",Fairfax,15-1199.01
49,"Software Engineer/Developer",MA,"UNITED STATES OF AMERICA",Boston,15-1132.00
49,"Technical Architect",NJ,"UNITED STATES OF AMERICA",Iselin,15-1132.00
49,"IT Specialist",NC,"UNITED STATES OF AMERICA",DURHAM,15-1121.00
49,"Engineering Project Manager",CA,"UNITED STATES OF AMERICA",Cupertino,15-1132.00
49,"Software Engineer",NJ,"UNITED STATES OF AMERICA",Iselin,15-1132.00
49,Manager,FL,"UNITED STATES OF AMERICA",TAMPA,15-2031.00
49,"Manager III, Data Engineering",WA,"UNITED STATES OF AMERICA",Seattle,15-2041.00
49,"Direct Care Professional",CA,"UNITED STATES OF AMERICA",Goleta,21-1015.00
49,"RESEARCH SCIENTIST I",WA,"UNITED STATES OF AMERICA",SEATTLE,15-1111.00
49,"Software Developer",PA,"UNITED STATES OF AMERICA",PITTSBURGH,15-1132.00
49,"BI Consultant",WA,"UNITED STATES OF AMERICA",Seattle,15-1199.08
49,"Physician in a Post Graduate Training Program",NY,"UNITED STATES OF AMERICA",Brooklyn,29-1069.00
49,"Software Developer",CA,"UNITED STATES OF AMERICA",IRVINE,15-1132.00
49,"BUSINESS ANALYST",NE,"UNITED STATES OF AMERICA","GRAND ISLAND",15-1199.08
49,"Software Development Engineer",CA,"UNITED STATES OF AMERICA","SAN JOSE",15-1252.00
49,"Software Developer",VA,"UNITED STATES OF AMERICA",Herndon,15-1252.00
48,"Vice President",NY,"UNITED STATES OF AMERICA","New York",15-1252.00
48,"Software Developer",VA,"UNITED STATES OF AMERICA",Ashburn,15-1252.00
48,"Senior Engineer",NY,"UNITED STATES OF AMERICA","New York",15-1252.00
48,"Test Consultant 3",IL,"UNITED STATES OF AMERICA",CHICAGO,15-1253.00
48,"Software Engineer",KS,"UNITED STATES OF AMERICA",Wichita,15-1132.00
48,"Software Engineer",CA,"UNITED STATES OF AMERICA","San Mateo",15-1133.00
48,"Manager JC50 - SQA Engineers and Testers",TX,"UNITED STATES OF AMERICA","COLLEGE STATION",15-1199.01
48,"Technical Business Developer III",WA,"UNITED STATES OF AMERICA",Seattle,15-2031.00
48,"Sr. SW Test Engineer",CA,"UNITED STATES OF AMERICA","Foster City",15-1199.01
48,"Software Engineer",NH,"UNITED STATES OF AMERICA",Nashua,15-1132.00
48,"Hardware Engineer",CA,"UNITED STATES OF AMERICA","San Diego",17-2072.00
48,"Technology Architect L1",NJ,"UNITED STATES OF AMERICA","EAST BRUNSWICK",15-1199.02
48,"Network Administrator",MD,"UNITED STATES OF AMERICA",Rockville,15-1142.00
48,Associate,MA,"UNITED STATES OF AMERICA",Boston,23-1011.00
48,"Senior Software Engineer",KY,"UNITED STATES OF AMERICA",Louisville,15-1132.00
48,"Computer Programmer",NJ,"UNITED STATES OF AMERICA",Iselin,15-1131.00
48,"JAVA DEVELOPER",NJ,"UNITED STATES OF AMERICA",PRINCETON,15-1132.00
48,"Site Reliability Engineer",WA,"UNITED STATES OF AMERICA",Redmond,15-1199.02
48,"Functional Consultant",IL,"UNITED STATES OF AMERICA",Chicago,15-1121.00
48,"Software Engineer 3",IL,"UNITED STATES OF AMERICA",Chicago,15-1132.00
48,"Software Engineer Senior",TX,"UNITED STATES OF AMERICA","San Antonio",15-1132.00
48,"Senior Research Scientist",NY,"UNITED STATES OF AMERICA","New York",19-1042.00
48,"Senior Solution Specialist",PA,"UNITED STATES OF AMERICA","PHILADELPHIA ",15-1132.00
48,"Engineer Sr",IN,"UNITED STATES OF AMERICA",Indianapolis,15-1132.00
47,"LEAD II - SOFTWARE ENGINEERING",CA,"UNITED STATES OF AMERICA","Aliso Viejo",15-1121.00
47,"Software Development Engineer Manager",CA,"UNITED STATES OF AMERICA",Cupertino,11-3021.00
47,"Systems Analyst - IV",CA,"UNITED STATES OF AMERICA",SUNNYVALE,15-1121.00
47,Associate,DE,"UNITED STATES OF AMERICA",Wilmington,13-2051.00
47,"SOFTWARE DEVELOPER, APPLICATIONS ",MI,"UNITED STATES OF AMERICA",TROY,15-1132.00
47,"Applications Developer",TX,"UNITED STATES OF AMERICA",Plano,15-1132.00
47,"Senior Data Scientist",CA,"UNITED STATES OF AMERICA","SAN FRANCISCO",15-2041.00
47,"Software Architect",NY,"UNITED STATES OF AMERICA","New York",15-1199.02
47,"Software Engineer II",NY,"UNITED STATES OF AMERICA","NEW YORK",15-1133.00
47,"PROJECT LEAD",MD,"UNITED STATES OF AMERICA",ROCKVILLE,15-1199.09
47,"Software Developer",NJ,"UNITED STATES OF AMERICA",Somerset,15-1132.00
47,"SOFTWARE DEVELOPER ",NJ,"UNITED STATES OF AMERICA",EDISON,15-1132.00
47,"Specialist Programmer ",TX,"UNITED STATES OF AMERICA",RICHARDSON,15-1131.00
47,"Assistant Vice President",NY,"UNITED STATES OF AMERICA","New York",15-1121.00
47,"Software Developer",FL,"UNITED STATES OF AMERICA",ORLANDO,15-1132.00
47,"Direct Care Professional",NJ,"UNITED STATES OF AMERICA","Cherry Hill",21-1015.00
47,"Member of Technical Staff (Software Engineer)",CA,"UNITED STATES OF AMERICA","MOUNTAIN VIEW",15-1133.00
47,"Technical Program Manager",CA,"UNITED STATES OF AMERICA","Mountain View",15-1132.00
47,"Senior Software Engineer",CA,"UNITED STATES OF AMERICA","Mountain View",15-1252.00
47,"Analyst - Testing",MD,"UNITED STATES OF AMERICA",Rockville,15-1253.00
47,"DATA SCIENTIST II",WA,"UNITED STATES OF AMERICA",Seattle,15-2051.00
46,"Business Intelligence Engineer I",WA,"UNITED STATES OF AMERICA",Seattle,15-2051.01
46,"Pathways Operations Manager",WA,"UNITED STATES OF AMERICA",Seattle,11-3071.00
46,"Medical Clinical Laboratory Technologist",TN,"UNITED STATES OF AMERICA",Brentwood,29-2011.00
46,"CIVIL ENGINEER",GU,"UNITED STATES OF AMERICA",BARRIGADA,17-2051.00
46,"Programmer Analyst",NJ,"UNITED STATES OF AMERICA","East Brunswick",15-1131.00
46,"Software Engineer - Career",GA,"UNITED STATES OF AMERICA",Atlanta,15-1132.00
46,"Director, Software Engineering",MA,"UNITED STATES OF AMERICA",Boston,15-1132.00
46,"Software Engineer ",TX,"UNITED STATES OF AMERICA",Irving,15-1132.00
46,"Senior Service Engineer",WA,"UNITED STATES OF AMERICA",Redmond,15-1199.02
46,"SOFTWARE DEVELOPER",TN,"UNITED STATES OF AMERICA",MEMPHIS,15-1132.00
46,"Quality Control Analyst",NJ,"UNITED STATES OF AMERICA","EAST WINDSOR",19-4099.01
46,"Staff Systems Test Engineer",CA,"UNITED STATES OF AMERICA","San Diego",15-1133.00
46,"Java Developer",VA,"UNITED STATES OF AMERICA",Herndon,15-1132.00
46,"Software Application Developer",MI,"UNITED STATES OF AMERICA",SOUTHFIELD,15-1132.00
46,"Senior Software Engineer",OR,"UNITED STATES OF AMERICA",Beaverton,15-1132.00
46,"SPEECH LANGUAGE PATHOLOGIST",CA,"UNITED STATES OF AMERICA","DIAMOND BAR",29-1127.00
46,"Software Developer",MO,"UNITED STATES OF AMERICA","St Louis",15-1132.00
46,"Senior Associate",FL,"UNITED STATES OF AMERICA",TAMPA,15-1199.02
46,"Data Engineering Analyst",CA,"UNITED STATES OF AMERICA","Santa Clara",15-2031.00
46,"MECHANICAL ENGINEER",GU,"UNITED STATES OF AMERICA",Tamuning,17-2141.00
46,"Technical Architect",CA,"UNITED STATES OF AMERICA","San Francisco",15-1199.02
46,"Sr Engineer",MN,"UNITED STATES OF AMERICA",Minneapolis,15-1132.00
46,"Lead Consultant - US",TX,"UNITED STATES OF AMERICA",RICHARDSON,15-1121.00
46,"Technical Architect",NJ,"UNITED STATES OF AMERICA",Iselin,15-1199.02
46,Analyst,DE,"UNITED STATES OF AMERICA",Wilmington,13-2051.00
46,"Software Developer",CT,"UNITED STATES OF AMERICA",WINDSOR,15-1132.00
46,"Project Manager - US",TX,"UNITED STATES OF AMERICA",RICHARDSON,15-1121.00
46,Manager,PA,"UNITED STATES OF AMERICA","PHILADELPHIA ",11-3021.00
46,"Associate Veterinarian",WA,"UNITED STATES OF AMERICA",Vancouver,29-1131.00
46,Associate,MA,"UNITED STATES OF AMERICA",Boston,19-3011.00
45,ANALYST,NJ,"UNITED STATES OF AMERICA","JERSEY CITY",15-1199.08
45,"Medical Laboratory Scientist III (NYQ)",UT,"UNITED STATES OF AMERICA","Salt Lake City",29-2011.00
45,"Senior Software Engineer",NJ,"UNITED STATES OF AMERICA",Cranbury,15-1132.00
45,Director,FL,"UNITED STATES OF AMERICA",TAMPA,11-3021.00
45,"Software Developer",IL,"UNITED STATES OF AMERICA",Chicago,15-1132.00
45,"Software Development Specialist",TX,"UNITED STATES OF AMERICA",Plano,15-1132.00
45,"SOFTWARE DEVELOPMENT ENGINEER II",NJ,"UNITED STATES OF AMERICA",NEWARK,15-1132.00
45,"Software Engineer ",WA,"UNITED STATES OF AMERICA",Redmond,15-1132.00
45,"Systems Design Engineer",CA,"UNITED STATES OF AMERICA",Cupertino,17-2071.00
45,"Data Scientist",AR,"UNITED STATES OF AMERICA",BENTONVILLE,15-1199.08
45,"Software Developer Applications",MI,"UNITED STATES OF AMERICA",Troy,15-1132.00
45,"Senior Software Development Engineer",WA,"UNITED STATES OF AMERICA",Redmond,15-1132.00
45,"Software Engineer I",TX,"UNITED STATES OF AMERICA","San Antonio",15-1132.00
45,"Software Systems Engineer",NJ,"UNITED STATES OF AMERICA",BEDMINSTER,15-1133.00
45,"Engineering Project Manager",CA,"UNITED STATES OF AMERICA",Cupertino,15-1199.09
45,"Electronics Engineers - II",CA,"UNITED STATES OF AMERICA",SUNNYVALE,17-2072.00
45,Analyst,DE,"UNITED STATES OF AMERICA",Wilmington,15-1132.00
45,"Software Developer",MO,"UNITED STATES OF AMERICA","St. Louis",15-1132.00
45,"Lead Software Engineer",NY,"UNITED STATES OF AMERICA",Purchase,15-1132.00
44,"Support Engineer II-External",WA,"UNITED STATES OF AMERICA",Seattle,15-1121.00
44,"BUSINESS INTELLIGENCE ENGINEER II",VA,"UNITED STATES OF AMERICA",ARLINGTON,15-1199.08
44,"SOFTWARE DEVELOPER",PA,"UNITED STATES OF AMERICA",EXTON,15-1132.00
44,"Electrical Engineer",WA,"UNITED STATES OF AMERICA",Redmond,17-2071.00
44,"Sales Operations II",WA,"UNITED STATES OF AMERICA",Seattle,15-2031.00
44,"SOFTWARE ENGINEER",AZ,"UNITED STATES OF AMERICA",PHOENIX,15-1132.00
44,"Project Manager",MI,"UNITED STATES OF AMERICA",TROY,15-1199.09
44,"Manager III, Finance",WA,"UNITED STATES OF AMERICA",Seattle,13-2011.00
44,"Staff Software Engineer",CA,"UNITED STATES OF AMERICA","San Jose",15-1133.00
44,"Senior Software Engineer",CA,"UNITED STATES OF AMERICA","Menlo Park",15-1133.00
